"pharm","day","cust.daily"
1,1,6
1,2,6
1,3,6
1,4,8
1,5,9
1,6,2
1,7,3
1,8,5
1,9,6
1,10,6
1,11,0
1,12,5
1,13,4
1,14,0
1,15,7
1,16,12
1,17,7
1,18,7
1,19,0
1,20,0
1,21,5
1,22,4
1,23,3
1,24,4
1,25,6
1,26,7
1,27,6
1,28,4
1,29,4
1,30,4
1,31,6
1,32,0
1,33,6
1,34,4
1,35,6
1,36,3
1,37,0
1,38,0
1,39,3
1,40,7
1,41,7
1,42,5
1,43,6
1,44,0
1,45,2
1,46,4
1,47,5
1,48,5
1,49,5
1,50,4
1,51,6
1,52,7
1,53,8
1,54,6
1,55,5
1,56,12
1,57,8
1,58,6
1,59,6
1,60,7
1,61,6
1,62,6
1,63,8
1,64,6
1,65,7
1,66,4
1,67,7
1,68,7
1,69,2
1,70,8
1,71,7
1,72,6
1,73,1
1,74,0
1,75,0
1,76,6
1,77,7
1,78,10
1,79,6
1,80,7
1,81,0
1,82,9
1,83,2
1,84,0
1,85,0
1,86,0
1,87,0
1,88,0
1,89,0
1,90,0
1,91,0
1,92,7
1,93,7
1,94,8
1,95,10
1,96,0
1,97,6
1,98,7
1,99,8
1,100,3
1,101,0
1,102,0
1,103,0
1,104,0
1,105,0
1,106,0
1,107,0
1,108,0
1,109,0
1,110,0
1,111,8
1,112,8
1,113,7
1,114,10
1,115,3
1,116,6
1,117,5
1,118,7
1,119,3
1,120,6
1,121,7
1,122,4
1,123,8
1,124,6
1,125,3
1,126,5
1,127,7
1,128,8
1,129,6
1,130,7
1,131,9
1,132,7
1,133,8
1,134,8
1,135,10
1,136,3
1,137,6
1,138,7
1,139,7
1,140,7
1,141,10
1,142,11
1,143,9
1,144,7
1,145,8
1,146,8
1,147,10
1,148,10
1,149,13
1,150,9
1,151,10
1,152,8
1,153,8
1,154,4
1,155,5
1,156,11
1,157,5
1,158,7
1,159,9
1,160,7
1,161,9
1,162,9
1,163,9
1,164,7
1,165,6
1,166,6
1,167,6
1,168,8
1,169,7
1,170,8
1,171,8
1,172,10
1,173,0
1,174,0
1,175,0
1,176,0
1,177,0
1,178,0
1,179,2
1,180,0
1,181,0
1,182,0
1,183,0
1,184,0
1,185,0
1,186,0
1,187,0
1,188,0
1,189,0
1,190,0
1,191,0
1,192,6
1,193,11
1,194,8
1,195,12
1,196,10
1,197,6
2,1,4
2,2,6
2,3,7
2,4,6
2,5,7
2,6,6
2,7,7
2,8,7
2,9,5
2,10,5
2,11,12
2,12,7
2,13,8
2,14,6
2,15,8
2,16,6
2,17,7
2,18,8
2,19,2
2,20,0
2,21,0
2,22,3
2,23,3
2,24,3
2,25,7
2,26,4
2,27,5
2,28,4
2,29,6
2,30,4
2,31,0
2,32,4
2,33,2
2,34,5
2,35,4
2,36,7
2,37,2
2,38,5
2,39,12
2,40,8
2,41,5
2,42,11
2,43,11
2,44,10
2,45,7
2,46,9
2,47,11
2,48,7
2,49,6
2,50,10
2,51,7
2,52,5
2,53,7
2,54,8
2,55,5
2,56,2
2,57,7
2,58,4
2,59,4
2,60,6
2,61,10
2,62,8
2,63,6
2,64,4
2,65,1
2,66,0
2,67,0
2,68,0
2,69,4
2,70,0
2,71,0
2,72,3
2,73,3
2,74,2
2,75,3
2,76,3
2,77,4
2,78,2
2,79,6
2,80,4
2,81,4
2,82,3
2,83,7
2,84,8
2,85,7
2,86,6
2,87,5
2,88,6
2,89,2
2,90,6
2,91,3
2,92,5
2,93,3
2,94,5
2,95,5
2,96,6
2,97,8
2,98,4
2,99,5
2,100,5
2,101,10
2,102,7
2,103,6
2,104,4
2,105,7
2,106,5
2,107,4
2,108,3
2,109,4
2,110,7
2,111,6
2,112,0
2,113,0
2,114,0
2,115,0
2,116,0
2,117,0
2,118,0
2,119,0
2,120,0
2,121,0
2,122,5
2,123,3
2,124,6
2,125,6
2,126,5
2,127,3
2,128,3
2,129,3
2,130,3
2,131,1
2,132,0
2,133,5
2,134,2
2,135,1
2,136,3
2,137,3
2,138,3
2,139,6
2,140,6
2,141,7
2,142,5
2,143,4
2,144,4
2,145,5
2,146,5
2,147,5
2,148,6
2,149,4
2,150,8
2,151,7
2,152,10
2,153,7
2,154,6
2,155,6
2,156,8
2,157,3
2,158,5
2,159,7
2,160,7
2,161,5
2,162,3
2,163,10
2,164,7
2,165,5
2,166,7
2,167,6
2,168,5
2,169,6
2,170,4
2,171,3
2,172,6
2,173,3
2,174,3
2,175,8
2,176,6
2,177,5
2,178,7
2,179,5
2,180,6
2,181,6
2,182,11
2,183,0
2,184,0
2,185,0
2,186,0
2,187,0
2,188,0
2,189,0
2,190,6
2,191,6
2,192,5
2,193,6
2,194,5
2,195,5
2,196,6
2,197,2
3,1,8
3,2,9
3,3,11
3,4,9
3,5,8
3,6,8
3,7,7
3,8,3
3,9,7
3,10,9
3,11,6
3,12,7
3,13,7
3,14,8
3,15,8
3,16,9
3,17,6
3,18,6
3,19,7
3,20,6
3,21,0
3,22,13
3,23,0
3,24,10
3,25,6
3,26,5
3,27,7
3,28,7
3,29,6
3,30,4
3,31,8
3,32,7
3,33,5
3,34,0
3,35,6
3,36,6
3,37,5
3,38,0
3,39,7
3,40,8
3,41,6
3,42,15
3,43,9
3,44,10
3,45,15
3,46,11
3,47,8
3,48,6
3,49,10
3,50,7
3,51,10
3,52,7
3,53,6
3,54,5
3,55,5
3,56,6
3,57,5
3,58,7
3,59,7
3,60,5
3,61,12
3,62,6
3,63,8
3,65,5
3,66,7
3,67,7
3,68,8
3,69,0
3,70,0
3,71,6
3,72,8
3,73,6
3,74,5
3,75,1
3,76,1
3,77,6
3,78,8
3,79,6
3,80,8
3,81,12
3,82,5
3,83,7
3,84,7
3,85,8
3,86,6
3,87,8
3,88,8
3,89,8
3,90,5
3,91,8
3,92,6
3,93,7
3,94,5
3,95,5
3,96,7
3,97,7
3,98,5
3,99,7
3,100,9
3,101,5
3,102,7
3,103,8
3,104,6
3,105,6
3,106,8
3,107,5
3,108,9
3,109,5
3,110,6
3,111,8
3,112,7
3,113,9
3,114,6
3,115,9
3,116,0
3,117,0
3,118,0
3,119,7
3,120,9
3,121,9
3,122,6
3,123,6
3,124,7
3,125,7
3,126,9
3,127,8
3,128,8
3,129,9
3,130,8
3,131,7
3,132,7
3,133,8
3,134,9
3,135,9
3,136,9
3,137,11
3,138,5
3,139,7
3,140,7
3,141,5
3,142,7
3,143,6
3,144,0
3,145,0
3,146,7
3,147,6
3,148,6
3,149,7
3,150,8
3,151,7
3,152,6
3,153,7
3,154,6
3,155,7
3,156,8
3,157,6
3,158,7
3,159,7
3,160,8
3,161,10
3,162,6
3,163,6
3,164,7
3,165,8
3,166,7
3,167,8
3,168,7
3,169,5
3,170,5
3,171,7
3,172,5
3,173,0
3,174,0
3,175,0
3,176,0
3,177,0
3,178,7
3,179,9
3,180,7
3,181,9
3,182,7
3,183,0
3,184,6
3,185,6
3,186,8
3,187,7
3,188,10
3,189,6
3,190,7
3,191,8
3,192,6
3,193,5
3,194,6
3,195,9
3,196,7
3,197,6
4,1,2
4,2,2
4,3,3
4,4,3
4,5,2
4,6,2
4,7,4
4,8,6
4,9,2
4,10,2
4,11,3
4,12,4
4,13,5
4,14,2
4,15,4
4,16,2
4,17,2
4,18,3
4,19,4
4,20,4
4,21,7
4,22,3
4,23,2
4,24,5
4,25,5
4,26,3
4,27,6
4,28,8
4,29,4
4,30,4
4,31,6
4,32,3
4,33,4
4,34,5
4,35,6
4,36,5
4,37,9
4,38,2
4,39,5
4,40,3
4,41,3
4,42,5
4,43,4
4,44,4
4,45,3
4,46,2
4,47,3
4,48,3
4,49,3
4,50,6
4,51,4
4,52,3
4,53,2
4,54,2
4,55,2
4,56,3
4,57,3
4,58,3
4,59,2
4,60,5
4,61,2
4,62,5
4,63,2
4,64,2
4,65,3
4,66,2
4,67,3
4,68,2
4,69,4
4,70,4
4,71,4
4,72,3
4,73,2
4,74,3
4,75,2
4,76,4
4,77,3
4,78,3
4,79,3
4,80,3
4,81,2
4,82,4
4,83,3
4,84,4
4,85,5
4,86,4
4,87,3
4,88,2
4,89,3
4,90,3
4,91,3
4,92,5
4,93,4
4,94,3
4,95,3
4,96,4
4,97,4
4,98,4
4,99,3
4,100,3
4,101,3
4,102,6
4,103,3
4,104,3
4,105,5
4,106,4
4,107,4
4,108,2
4,109,2
4,110,4
4,111,2
4,112,4
4,113,4
4,114,2
4,115,4
4,116,4
4,117,4
4,118,4
4,119,4
4,120,2
4,121,2
4,122,2
4,123,3
4,124,5
4,125,3
4,126,2
4,127,4
4,128,2
4,129,4
4,130,4
4,131,4
4,132,2
4,133,2
4,134,4
4,135,3
4,136,3
4,137,2
4,138,2
4,139,4
4,140,5
4,141,1
4,142,2
4,143,2
4,144,2
4,145,2
4,146,2
4,147,2
4,148,5
4,149,4
4,150,2
4,151,2
4,152,3
4,153,4
4,154,2
4,155,2
4,156,3
4,157,2
4,158,2
4,159,4
4,160,4
4,161,2
4,162,2
4,163,2
4,164,3
4,165,4
4,166,2
4,167,2
4,168,3
4,169,4
4,170,5
4,171,2
4,172,2
4,173,4
4,174,4
4,175,2
4,176,2
4,177,2
4,178,2
4,179,2
4,180,2
4,181,4
4,182,3
4,183,1
4,184,4
4,185,2
4,186,7
4,187,4
4,188,2
4,189,2
4,190,1
4,191,3
4,192,3
4,193,1
4,194,1
4,195,2
4,196,3
4,197,2
5,1,6
5,2,5
5,3,4
5,4,4
5,5,1
5,6,2
5,7,4
5,8,5
5,9,3
5,10,4
5,11,4
5,12,3
5,13,4
5,14,0
5,15,3
5,16,3
5,17,3
5,18,0
5,19,3
5,20,0
5,21,0
5,22,11
5,23,5
5,24,5
5,25,4
5,26,5
5,27,4
5,28,3
5,29,3
5,30,0
5,31,0
5,32,0
5,33,0
5,34,0
5,35,0
5,36,0
5,37,0
5,38,0
5,39,5
5,40,2
5,41,2
5,42,2
5,43,3
5,44,0
5,45,0
5,46,3
5,47,2
5,48,0
5,49,0
5,50,3
5,51,2
5,52,3
5,53,0
5,54,4
5,55,4
5,56,3
5,57,0
5,58,2
5,59,2
5,60,0
5,61,3
5,62,0
5,63,3
5,64,0
5,65,0
5,66,3
5,67,0
5,68,0
5,69,3
5,70,2
5,71,3
5,72,3
5,73,3
5,74,3
5,75,3
5,76,0
5,77,3
5,78,3
5,79,0
5,80,3
5,81,0
5,82,5
5,83,3
5,84,3
5,85,2
5,86,4
5,87,4
5,88,3
5,89,3
5,90,4
5,91,4
5,92,5
5,93,5
5,94,5
5,95,4
5,96,5
5,97,4
5,98,2
5,99,1
5,100,3
5,101,3
5,102,3
5,103,3
5,104,0
5,105,5
5,106,4
5,107,4
5,108,9
5,109,9
5,110,4
5,111,5
5,112,0
5,113,0
5,114,0
5,115,0
5,116,0
5,117,0
5,118,0
5,119,5
5,120,4
5,121,4
5,122,4
5,123,4
5,124,4
5,125,6
5,126,4
5,127,4
5,128,5
5,129,4
5,130,4
5,131,4
5,132,4
5,133,4
5,134,4
5,135,4
5,136,4
5,137,0
5,138,0
5,139,4
5,140,4
5,141,9
5,142,9
5,143,5
5,144,3
5,145,4
5,146,4
5,147,4
5,148,4
5,149,4
5,150,5
5,151,0
5,152,5
5,153,4
5,154,0
5,155,4
5,156,3
5,157,6
5,158,3
5,159,3
5,160,4
5,161,4
5,162,4
5,163,5
5,164,4
5,165,0
5,166,0
5,167,5
5,168,4
5,169,3
5,170,5
5,171,3
5,172,3
5,173,5
5,174,3
5,175,3
5,176,3
5,177,2
5,178,0
5,179,0
5,180,0
5,181,0
5,182,0
5,183,0
5,184,0
5,185,0
5,186,0
5,187,0
5,188,4
5,189,4
5,190,3
5,191,5
5,192,4
5,193,3
5,194,2
5,195,4
5,196,4
5,197,2
6,1,13
6,2,9
6,3,8
6,4,8
6,5,9
6,6,13
6,7,9
6,8,12
6,9,9
6,10,8
6,11,9
6,12,10
6,13,11
6,14,8
6,15,10
6,16,8
6,17,9
6,18,9
6,19,6
6,20,8
6,21,8
6,22,7
6,23,6
6,24,5
6,25,7
6,26,8
6,27,9
6,28,6
6,29,7
6,30,5
6,31,9
6,32,5
6,33,6
6,34,5
6,35,5
6,36,7
6,37,4
6,38,5
6,39,7
6,40,6
6,41,8
6,42,7
6,43,8
6,44,7
6,45,6
6,46,8
6,47,6
6,48,7
6,49,6
6,50,6
6,51,8
6,52,7
6,53,6
6,54,7
6,55,6
6,56,8
6,57,9
6,58,5
6,59,6
6,60,6
6,61,7
6,62,5
6,63,6
6,64,7
6,65,6
6,66,5
6,67,7
6,68,5
6,69,5
6,70,6
6,71,6
6,72,7
6,73,5
6,74,4
6,75,6
6,76,6
6,77,5
6,78,5
6,79,4
6,80,5
6,81,4
6,82,6
6,83,4
6,84,7
6,85,6
6,86,8
6,87,6
6,88,5
6,89,6
6,90,7
6,91,6
6,92,7
6,93,5
6,94,5
6,95,6
6,96,6
6,97,6
6,98,7
6,99,5
6,100,5
6,101,6
6,102,4
6,103,5
6,104,6
6,105,6
6,106,3
6,107,6
6,108,0
6,109,0
6,110,5
6,111,6
6,112,7
6,113,4
6,114,6
6,115,5
6,116,3
6,117,5
6,118,6
6,119,6
6,120,4
6,121,6
6,122,4
6,123,6
6,124,5
6,125,4
6,126,6
6,127,5
6,128,6
6,129,5
6,130,6
6,131,4
6,132,5
6,133,4
6,134,5
6,135,4
6,136,6
6,137,5
6,138,3
6,139,5
6,140,6
6,141,6
6,142,5
6,143,4
6,144,6
6,145,3
6,146,4
6,147,6
6,148,5
6,149,6
6,150,6
6,151,5
6,152,5
6,153,8
6,154,5
6,155,6
6,156,4
6,157,6
6,158,5
6,159,7
6,160,6
6,161,6
6,162,5
6,163,6
6,164,5
6,165,6
6,166,4
6,167,6
6,168,5
6,169,6
6,170,4
6,171,6
6,172,3
6,173,4
6,174,6
6,175,0
6,176,0
6,177,0
6,178,0
6,179,4
6,180,5
6,181,5
6,182,5
6,183,3
6,184,5
6,185,6
6,186,5
6,187,6
6,188,5
6,189,3
6,190,5
6,191,6
6,192,5
6,193,6
6,194,4
6,195,4
6,196,5
6,197,5
7,1,5
7,2,7
7,3,3
7,4,3
7,5,0
7,6,2
7,7,3
7,8,5
7,9,2
7,10,1
7,11,3
7,12,4
7,13,5
7,14,6
7,15,3
7,16,1
7,17,5
7,18,2
7,19,2
7,20,4
7,21,4
7,22,0
7,23,5
7,24,3
7,25,2
7,26,7
7,27,6
7,28,3
7,29,6
7,30,0
7,31,0
7,32,5
7,33,4
7,34,4
7,35,4
7,36,4
7,37,5
7,38,3
7,39,6
7,40,6
7,41,10
7,42,2
7,43,2
7,44,3
7,45,0
7,46,4
7,47,6
7,48,3
7,49,0
7,50,1
7,51,5
7,52,5
7,53,7
7,54,6
7,55,4
7,56,6
7,57,0
7,58,0
7,59,0
7,60,0
7,61,0
7,62,5
7,63,4
7,64,4
7,65,2
7,66,2
7,67,2
7,68,3
7,69,3
7,70,3
7,71,4
7,72,2
7,73,2
7,74,2
7,75,3
7,76,3
7,77,2
7,78,3
7,79,3
7,80,2
7,81,3
7,82,4
7,83,2
7,84,4
7,85,0
7,86,3
7,87,3
7,88,3
7,89,1
7,90,1
7,91,1
7,92,3
7,93,4
7,94,4
7,95,5
7,96,5
7,97,6
7,98,6
7,99,5
7,100,6
7,101,4
7,102,2
7,103,6
7,104,5
7,105,3
7,106,4
7,107,4
7,108,5
7,109,2
7,110,3
7,111,4
7,112,6
7,113,5
7,114,4
7,115,0
7,116,5
7,117,5
7,118,3
7,119,3
7,120,2
7,121,3
7,122,3
7,123,2
7,124,2
7,125,1
7,126,2
7,127,1
7,128,0
7,129,0
7,130,5
7,131,3
7,132,2
7,133,1
7,134,0
7,135,0
7,136,0
7,137,0
7,138,0
7,139,0
7,140,0
7,141,0
7,142,0
7,143,0
7,144,0
7,145,0
7,146,0
7,147,0
7,148,0
7,149,0
7,150,0
7,151,0
7,152,0
7,153,0
7,154,0
7,155,0
7,156,0
7,157,0
7,158,0
7,159,10
7,160,5
7,161,3
7,162,3
7,163,2
7,164,2
7,165,2
7,166,2
7,167,2
7,168,3
7,169,3
7,170,2
7,171,0
7,172,2
7,173,2
7,174,2
7,175,3
7,176,0
7,177,3
7,178,2
7,179,3
7,180,2
7,181,0
7,182,0
7,183,2
7,184,1
7,185,4
7,186,4
7,187,3
7,188,2
7,189,2
7,190,2
7,191,3
7,192,2
7,193,2
7,194,3
7,195,3
7,196,3
7,197,1
8,1,4
8,2,4
8,3,5
8,4,4
8,5,6
8,6,3
8,7,4
8,8,4
8,9,5
8,10,4
8,11,6
8,12,3
8,13,4
8,14,5
8,15,6
8,16,4
8,17,5
8,18,5
8,19,3
8,20,2
8,21,3
8,22,2
8,23,2
8,24,5
8,25,5
8,26,3
8,27,2
8,28,3
8,29,5
8,30,1
8,31,3
8,32,5
8,33,4
8,34,4
8,35,3
8,36,4
8,37,6
8,38,5
8,39,4
8,40,4
8,41,5
8,42,4
8,43,3
8,44,2
8,45,2
8,46,2
8,47,5
8,48,9
8,49,6
8,50,3
8,51,5
8,52,4
8,53,6
8,54,10
8,55,6
8,56,5
8,57,4
8,58,4
8,59,3
8,60,4
8,61,5
8,62,5
8,63,5
8,64,3
8,65,4
8,66,4
8,67,6
8,68,6
8,69,2
8,70,3
8,71,2
8,72,2
8,73,3
8,74,4
8,75,7
8,76,6
8,77,4
8,78,3
8,79,2
8,80,2
8,81,2
8,82,3
8,83,2
8,84,1
8,85,5
8,86,5
8,87,2
8,88,4
8,89,3
8,90,2
8,91,2
8,92,2
8,93,4
8,94,3
8,95,3
8,96,3
8,97,7
8,98,3
8,99,4
8,100,4
8,101,1
8,102,2
8,103,2
8,104,3
8,105,2
8,106,3
8,107,2
8,108,3
8,109,3
8,110,3
8,111,3
8,112,3
8,113,3
8,114,3
8,115,3
8,116,4
8,117,2
8,118,4
8,119,2
8,120,3
8,121,3
8,122,3
8,123,4
8,124,5
8,125,4
8,126,2
8,127,3
8,128,4
8,129,5
8,130,3
8,131,4
8,132,4
8,133,4
8,134,3
8,135,2
8,136,3
8,137,2
8,138,2
8,139,3
8,140,2
8,141,2
8,142,2
8,143,2
8,144,1
8,145,2
8,146,1
8,147,3
8,148,2
8,149,1
8,150,2
8,151,3
8,152,2
8,153,3
8,154,3
8,155,2
8,156,3
8,157,2
8,158,2
8,159,2
8,160,2
8,161,2
8,162,2
8,163,3
8,164,3
8,165,4
8,166,3
8,167,3
8,168,2
8,169,2
8,170,3
8,171,3
8,172,3
8,173,3
8,174,2
8,175,2
8,176,3
8,177,2
8,178,2
8,179,2
8,180,2
8,181,3
8,182,3
8,183,2
8,184,2
8,185,2
8,186,2
8,187,2
8,188,2
8,189,3
8,190,3
8,191,3
8,192,1
8,193,3
8,194,3
8,195,2
8,196,2
8,197,3
9,1,8
9,2,9
9,3,11
9,4,7
9,5,6
9,6,6
9,7,7
9,8,8
9,9,8
9,10,9
9,11,9
9,12,11
9,13,7
9,14,6
9,15,8
9,16,6
9,17,6
9,18,5
9,19,5
9,20,9
9,21,5
9,22,8
9,23,6
9,24,8
9,25,6
9,26,5
9,27,7
9,28,10
9,29,6
9,30,6
9,31,7
9,32,11
9,33,5
9,34,6
9,35,6
9,36,7
9,37,5
9,38,3
9,39,7
9,40,13
9,41,14
9,42,12
9,43,6
9,44,5
9,45,7
9,46,11
9,47,10
9,48,10
9,49,9
9,50,5
9,51,8
9,52,9
9,53,7
9,54,6
9,55,9
9,56,9
9,57,7
9,58,8
9,59,9
9,60,8
9,61,9
9,62,8
9,63,8
9,64,7
9,65,8
9,66,9
9,67,8
9,68,10
9,69,8
9,70,7
9,71,8
9,72,10
9,73,8
9,74,7
9,75,10
9,76,7
9,77,7
9,78,8
9,79,9
9,80,8
9,81,10
9,82,10
9,83,8
9,84,11
9,85,9
9,86,7
9,87,8
9,88,8
9,89,10
9,90,8
9,91,7
9,92,8
9,93,5
9,94,7
9,95,7
9,96,8
9,97,8
9,98,9
9,99,9
9,100,7
9,101,6
9,102,7
9,103,10
9,104,8
9,105,9
9,106,8
9,107,10
9,108,8
9,109,8
9,110,8
9,111,9
9,112,7
9,113,8
9,114,10
9,115,8
9,116,6
9,117,7
9,118,6
9,119,6
9,120,7
9,121,5
9,122,6
9,123,7
9,124,10
9,125,6
9,126,8
9,127,7
9,128,8
9,129,8
9,130,6
9,131,9
9,132,6
9,133,7
9,134,8
9,135,8
9,136,10
9,137,7
9,138,7
9,139,9
9,140,8
9,141,6
9,142,9
9,143,7
9,144,9
9,145,5
9,146,9
9,147,6
9,148,7
9,149,4
9,150,7
9,151,6
9,152,8
9,153,8
9,154,7
9,155,7
9,156,6
9,157,7
9,158,8
9,159,8
9,160,9
9,161,8
9,162,6
9,163,9
9,164,8
9,165,9
9,166,7
9,167,7
9,168,9
9,169,7
9,170,6
9,171,7
9,172,8
9,173,8
9,174,8
9,175,10
9,176,7
9,177,8
9,178,11
9,179,6
9,180,9
9,181,6
9,182,8
9,183,4
9,184,6
9,185,6
9,186,4
9,187,5
9,188,5
9,189,4
9,190,6
9,191,4
9,192,5
9,193,6
9,194,5
9,195,6
9,196,7
9,197,7
10,1,7
10,2,9
10,3,7
10,4,10
10,5,8
10,6,7
10,7,8
10,8,7
10,9,7
10,10,8
10,11,7
10,12,9
10,13,8
10,14,8
10,15,6
10,16,10
10,17,7
10,18,8
10,19,8
10,20,7
10,21,7
10,22,7
10,23,7
10,24,6
10,25,7
10,26,7
10,27,8
10,28,7
10,29,8
10,30,7
10,31,7
10,32,7
10,33,7
10,34,7
10,35,7
10,36,7
10,37,7
10,38,7
10,39,5
10,40,8
10,41,6
10,42,5
10,43,6
10,44,6
10,45,0
10,46,6
10,47,5
10,48,6
10,49,7
10,50,8
10,51,5
10,52,6
10,53,7
10,54,5
10,55,6
10,56,6
10,57,6
10,58,6
10,59,6
10,60,8
10,61,5
10,62,5
10,63,6
10,64,6
10,65,6
10,66,6
10,67,7
10,68,6
10,69,6
10,70,6
10,71,6
10,72,7
10,73,6
10,74,5
10,75,6
10,76,3
10,77,5
10,78,5
10,79,5
10,80,6
10,81,6
10,82,5
10,83,5
10,84,5
10,85,4
10,86,5
10,87,6
10,88,5
10,89,5
10,90,4
10,91,5
10,92,4
10,93,5
10,94,5
10,95,5
10,96,6
10,97,5
10,98,4
10,99,6
10,100,5
10,101,5
10,102,6
10,103,5
10,104,6
10,105,5
10,106,6
10,107,6
10,108,5
10,109,0
10,110,5
10,111,4
10,112,4
10,113,5
10,114,4
10,115,0
10,116,0
10,117,5
10,118,5
10,119,5
10,120,4
10,121,5
10,122,4
10,123,3
10,124,4
10,125,4
10,126,5
10,127,4
10,128,3
10,129,5
10,130,0
10,131,0
10,132,0
10,133,0
10,134,0
10,135,0
10,136,0
10,137,0
10,138,0
10,139,0
10,140,4
10,141,5
10,142,5
10,143,4
10,144,4
10,145,5
10,146,3
10,147,6
10,148,4
10,149,5
10,150,4
10,151,4
10,152,5
10,153,4
10,154,4
10,155,5
10,156,6
10,157,5
10,158,5
10,159,4
10,160,5
10,161,4
10,162,0
10,163,0
10,164,0
10,165,0
10,166,0
10,167,2
10,168,3
10,169,3
10,170,4
10,171,3
10,172,4
10,173,4
10,174,4
10,175,4
10,176,3
10,177,4
10,178,3
10,179,5
10,180,3
10,181,0
10,182,0
10,183,0
10,184,0
10,185,0
10,186,3
10,187,4
10,188,3
10,189,4
10,190,5
10,191,3
10,192,4
10,193,3
10,194,4
10,195,4
10,196,3
10,197,4
11,1,4
11,2,4
11,3,3
11,4,5
11,5,0
11,6,5
11,7,6
11,8,6
11,9,5
11,10,4
11,11,5
11,12,5
11,13,3
11,14,6
11,15,4
11,16,4
11,17,2
11,18,3
11,19,0
11,20,5
11,21,3
11,22,5
11,23,4
11,24,3
11,25,4
11,26,5
11,27,5
11,28,4
11,29,5
11,30,4
11,31,5
11,32,5
11,33,3
11,34,5
11,35,4
11,36,5
11,37,2
11,38,3
11,39,4
11,40,6
11,41,5
11,42,4
11,43,4
11,44,3
11,45,3
11,46,4
11,47,4
11,48,5
11,49,4
11,50,6
11,51,4
11,52,3
11,53,4
11,54,7
11,55,5
11,56,3
11,57,5
11,58,5
11,59,0
11,60,5
11,61,4
11,62,5
11,63,5
11,64,6
11,65,4
11,66,3
11,67,6
11,68,3
11,69,3
11,70,4
11,71,4
11,72,6
11,73,4
11,74,4
11,75,5
11,76,6
11,77,4
11,78,3
11,79,3
11,80,4
11,81,5
11,82,5
11,83,4
11,84,5
11,85,3
11,86,5
11,87,3
11,88,4
11,89,4
11,90,6
11,91,4
11,92,4
11,93,5
11,94,4
11,95,6
11,96,4
11,97,5
11,98,5
11,99,4
11,100,6
11,101,4
11,102,5
11,103,4
11,104,6
11,105,6
11,106,4
11,107,4
11,108,5
11,109,5
11,110,5
11,111,4
11,112,6
11,113,4
11,114,2
11,115,0
11,116,6
11,117,5
11,118,3
11,119,4
11,120,5
11,121,6
11,122,3
11,123,5
11,124,5
11,125,5
11,126,4
11,127,5
11,128,0
11,129,7
11,130,4
11,131,5
11,132,4
11,133,6
11,134,5
11,135,5
11,136,5
11,137,6
11,138,6
11,139,4
11,140,5
11,141,5
11,142,8
11,143,7
11,144,6
11,145,6
11,146,6
11,147,7
11,148,6
11,149,7
11,150,6
11,151,8
11,152,6
11,153,6
11,154,7
11,155,7
11,156,6
11,157,7
11,158,6
11,159,3
11,160,4
11,161,5
11,162,3
11,163,4
11,164,6
11,165,6
11,166,6
11,167,6
11,168,7
11,169,7
11,170,3
11,171,4
11,172,5
11,173,5
11,174,5
11,175,7
11,176,8
11,177,6
11,178,7
11,179,7
11,180,4
11,181,5
11,182,6
11,183,5
11,184,5
11,185,0
11,186,0
11,187,0
11,188,0
11,189,0
11,190,3
11,191,6
11,192,5
11,193,5
11,194,6
11,195,6
11,196,7
11,197,4
12,1,6
12,2,9
12,3,6
12,4,9
12,5,6
12,6,6
12,7,5
12,8,6
12,9,7
12,10,4
12,11,5
12,12,3
12,13,4
12,14,5
12,15,6
12,16,5
12,17,6
12,18,4
12,19,2
12,20,0
12,21,2
12,22,4
12,23,3
12,24,2
12,25,2
12,26,5
12,27,8
12,28,7
12,29,6
12,30,6
12,31,3
12,32,4
12,33,6
12,34,3
12,35,5
12,36,4
12,37,3
12,38,2
12,39,4
12,40,4
12,41,3
12,42,3
12,43,4
12,44,4
12,45,0
12,46,2
12,47,8
12,48,11
12,49,6
12,50,7
12,51,6
12,52,4
12,53,5
12,54,5
12,55,7
12,56,7
12,57,3
12,58,4
12,59,4
12,60,7
12,61,6
12,62,3
12,63,8
12,64,4
12,65,6
12,66,3
12,67,5
12,68,4
12,69,3
12,70,6
12,71,5
12,72,5
12,73,5
12,74,3
12,75,5
12,76,8
12,77,6
12,78,6
12,79,4
12,80,3
12,81,6
12,82,5
12,83,6
12,84,3
12,85,5
12,86,4
12,87,6
12,88,5
12,89,6
12,90,4
12,91,6
12,92,3
12,93,7
12,94,6
12,95,6
12,96,4
12,97,4
12,98,5
12,99,4
12,100,4
12,101,7
12,102,4
12,103,4
12,104,4
12,105,6
12,106,3
12,107,7
12,108,4
12,109,5
12,110,3
12,111,6
12,112,6
12,113,4
12,114,5
12,115,4
12,116,4
12,117,6
12,118,5
12,119,5
12,120,4
12,121,6
12,122,5
12,123,3
12,124,4
12,125,5
12,126,4
12,127,4
12,128,4
12,129,5
12,130,4
12,131,5
12,132,4
12,133,4
12,134,5
12,135,6
12,136,0
12,137,0
12,138,5
12,139,7
12,140,15
12,141,5
12,142,6
12,143,6
12,144,5
12,145,5
12,146,7
12,147,7
12,148,9
12,149,7
12,150,15
12,151,8
12,152,14
12,153,12
12,154,8
12,155,5
12,156,4
12,157,9
12,158,10
12,159,7
12,160,12
12,161,9
12,162,7
12,163,9
12,164,10
12,165,13
12,166,6
12,167,14
12,168,7
12,169,8
12,170,8
12,171,10
12,172,7
12,173,5
12,174,5
12,175,7
12,176,7
12,177,10
12,178,7
12,179,4
12,180,11
12,181,7
12,182,15
12,183,5
12,184,5
12,185,8
12,186,8
12,187,8
12,188,7
12,189,5
12,190,5
12,191,5
12,192,5
12,193,5
12,194,5
12,195,6
12,196,7
12,197,10
13,1,0
13,2,0
13,3,0
13,4,0
13,5,0
13,6,0
13,7,6
13,8,6
13,9,3
13,10,7
13,11,4
13,12,3
13,13,4
13,14,3
13,15,4
13,16,4
13,17,5
13,18,3
13,19,6
13,20,3
13,21,0
13,22,0
13,23,0
13,24,0
13,25,0
13,26,0
13,27,0
13,28,0
13,29,0
13,30,0
13,31,0
13,32,0
13,33,2
13,34,2
13,35,3
13,36,3
13,37,2
13,38,3
13,39,5
13,40,4
13,41,4
13,42,2
13,43,4
13,44,3
13,45,2
13,46,3
13,47,4
13,48,5
13,49,5
13,50,4
13,51,3
13,52,2
13,53,4
13,54,3
13,55,4
13,56,9
13,57,4
13,58,5
13,59,0
13,60,8
13,61,5
13,62,4
13,63,5
13,64,0
13,65,0
13,66,0
13,67,4
13,68,1
13,69,4
13,70,4
13,71,5
13,72,3
13,73,4
13,74,2
13,75,4
13,76,3
13,77,2
13,78,4
13,79,1
13,80,3
13,81,0
13,82,4
13,83,3
13,84,2
13,85,2
13,86,0
13,87,0
13,88,0
13,89,0
13,90,0
13,91,3
13,92,1
13,93,4
13,94,2
13,95,2
13,96,1
13,97,1
13,98,5
13,99,1
13,100,2
13,101,3
13,102,2
13,103,0
13,104,1
13,105,3
13,106,1
13,107,2
13,108,2
13,109,2
13,110,1
13,111,8
13,112,2
13,113,1
13,114,2
13,115,3
13,116,5
13,117,4
13,118,3
13,119,3
13,120,3
13,121,0
13,122,0
13,123,0
13,124,0
13,125,0
13,126,0
13,127,0
13,128,0
13,129,3
13,130,3
13,131,4
13,132,3
13,133,2
13,134,3
13,135,3
13,136,2
13,137,1
13,138,3
13,139,3
13,140,2
13,141,4
13,142,2
13,143,4
13,144,2
13,145,3
13,146,3
13,147,5
13,148,3
13,149,5
13,150,4
13,151,5
13,152,3
13,153,2
13,154,5
13,155,4
13,156,4
13,157,3
13,158,2
13,159,3
13,160,3
13,161,6
13,162,2
13,163,0
13,164,0
13,165,0
13,166,0
13,167,0
13,168,0
13,169,0
13,170,0
13,171,0
13,172,2
13,173,3
13,174,5
13,175,3
13,176,3
13,177,4
13,178,5
13,179,4
13,180,6
13,181,4
13,182,3
13,183,5
13,184,8
13,185,8
13,186,7
13,187,6
13,188,5
13,189,4
13,190,3
13,191,4
13,192,3
13,193,4
13,194,2
13,195,5
13,196,3
13,197,5
14,1,21
14,2,8
14,3,22
14,4,18
14,5,19
14,6,13
14,7,0
14,8,10
14,9,13
14,10,7
14,11,30
14,12,9
14,13,6
14,14,0
14,15,0
14,16,0
14,17,0
14,18,0
14,19,0
14,20,0
14,21,0
14,22,0
14,23,7
14,24,0
14,25,9
14,26,0
14,27,0
14,28,0
14,29,0
14,30,0
14,31,0
14,32,0
14,33,0
14,34,0
14,35,0
14,36,5
14,37,0
14,38,11
14,39,5
14,40,6
14,41,6
14,42,12
14,43,0
14,44,0
14,45,0
14,46,0
14,47,0
14,48,0
14,49,0
14,50,0
14,51,0
14,52,0
14,53,11
14,54,9
14,55,7
14,56,7
14,57,13
14,58,5
14,59,7
14,60,7
14,61,0
14,62,0
14,63,0
14,64,0
14,65,0
14,66,0
14,67,0
14,68,0
14,69,0
14,70,0
14,71,2
14,72,6
14,73,7
14,74,0
14,75,0
14,76,0
14,77,0
14,78,0
14,79,0
14,80,0
14,81,0
14,82,0
14,83,0
14,84,0
14,85,0
14,86,0
14,87,0
14,88,0
14,89,0
14,90,0
14,91,0
14,92,0
14,93,2
14,94,2
14,95,2
14,96,3
14,97,1
14,98,2
14,99,2
14,100,2
14,101,3
14,102,3
14,103,2
14,104,2
14,105,2
14,106,1
14,107,2
14,108,2
14,109,2
14,110,2
14,111,0
14,112,4
14,113,0
14,114,2
14,115,1
14,116,2
14,117,2
14,118,2
14,119,2
14,120,2
14,121,2
14,122,2
14,123,3
14,124,3
14,125,4
14,126,5
14,127,5
14,128,3
14,129,0
14,130,3
14,131,3
14,132,2
14,133,3
14,134,2
14,135,4
14,136,5
14,137,5
14,138,4
14,139,0
14,140,0
14,141,5
14,142,3
14,143,0
14,144,0
14,145,3
14,146,4
14,147,0
14,148,5
14,149,0
14,150,0
14,151,0
14,152,3
14,153,3
14,154,2
14,155,4
14,156,4
14,157,4
14,158,2
14,159,4
14,160,3
14,161,3
14,162,4
14,163,2
14,164,3
14,165,3
14,166,2
14,167,3
14,168,4
14,169,3
14,170,4
14,171,3
14,172,2
14,173,4
14,174,3
14,175,3
14,176,3
14,177,0
14,178,0
14,179,5
14,180,3
14,181,4
14,182,3
14,183,3
14,184,4
14,185,4
14,186,5
14,187,5
14,188,5
14,189,3
14,190,3
14,191,4
14,192,6
14,193,4
14,194,4
14,195,3
14,196,4
14,197,5
15,1,3
15,2,4
15,3,0
15,4,6
15,5,5
15,6,2
15,7,2
15,8,3
15,9,4
15,10,4
15,11,2
15,12,4
15,13,0
15,14,4
15,15,3
15,16,2
15,17,4
15,18,3
15,19,2
15,20,2
15,21,3
15,22,3
15,23,4
15,24,4
15,25,4
15,26,2
15,27,3
15,28,3
15,29,3
15,30,3
15,31,2
15,32,3
15,33,2
15,34,4
15,35,2
15,36,2
15,37,3
15,38,0
15,39,0
15,40,0
15,41,0
15,42,0
15,43,0
15,44,0
15,45,3
15,46,2
15,47,2
15,48,2
15,49,3
15,50,4
15,51,3
15,52,2
15,53,3
15,54,2
15,55,2
15,56,4
15,57,2
15,60,4
15,61,3
15,62,4
15,63,5
15,64,3
15,65,2
15,66,3
15,67,5
15,68,4
15,69,0
15,70,0
15,71,3
15,72,0
15,73,4
15,74,0
15,75,4
15,76,2
15,77,1
15,78,4
15,79,3
15,80,3
15,81,3
15,82,1
15,83,3
15,84,4
15,85,3
15,86,0
15,87,3
15,88,4
15,89,0
15,90,5
15,91,0
15,92,2
15,93,2
15,94,0
15,95,3
15,96,2
15,97,2
15,98,3
15,99,1
15,100,2
15,101,2
15,102,2
15,103,2
15,104,3
15,105,4
15,106,2
15,107,2
15,108,0
15,109,3
15,110,0
15,111,0
15,112,0
15,113,3
15,114,0
15,115,2
15,116,0
15,117,3
15,118,0
15,119,3
15,120,0
15,121,2
15,122,0
15,123,4
15,124,0
15,125,0
15,126,0
15,127,0
15,128,0
15,129,0
15,130,3
15,131,0
15,132,2
15,133,4
15,134,0
15,135,2
15,136,0
15,137,2
15,138,0
15,139,3
15,140,1
15,141,2
15,142,0
15,143,2
15,144,2
15,145,2
15,146,0
15,147,2
15,148,2
15,149,5
15,150,7
15,151,2
15,152,0
15,153,3
15,154,2
15,155,2
15,156,1
15,157,0
15,158,3
15,159,0
15,160,3
15,161,0
15,162,4
15,163,2
15,164,0
15,165,3
15,166,3
15,167,2
15,168,0
15,169,2
15,170,0
15,171,3
15,172,3
15,173,2
15,174,0
15,175,2
15,176,0
15,177,2
15,178,0
15,179,0
15,180,3
15,181,2
15,182,0
15,183,0
15,184,0
15,185,0
15,186,6
15,187,5
15,188,3
15,189,2
15,190,2
15,191,5
15,192,0
15,193,4
15,194,4
15,195,2
15,196,3
15,197,2
16,1,5
16,2,4
16,3,3
16,4,5
16,5,6
16,6,6
16,7,6
16,8,6
16,9,3
16,10,5
16,11,5
16,12,6
16,13,6
16,14,6
16,15,4
16,16,6
16,17,8
16,18,5
16,19,6
16,20,4
16,21,6
16,22,5
16,23,7
16,24,8
16,25,6
16,26,6
16,27,7
16,28,8
16,29,6
16,30,6
16,31,5
16,32,6
16,33,4
16,34,0
16,35,6
16,36,6
16,37,4
16,38,3
16,39,5
16,40,6
16,41,4
16,42,7
16,43,6
16,44,5
16,45,6
16,46,3
16,47,4
16,48,5
16,49,4
16,50,5
16,51,5
16,52,6
16,53,3
16,54,5
16,55,6
16,56,5
16,57,4
16,58,5
16,59,6
16,60,6
16,61,6
16,62,8
16,63,5
16,64,6
16,65,6
16,66,7
16,67,6
16,68,5
16,69,3
16,70,0
16,71,3
16,72,3
16,73,5
16,74,5
16,75,4
16,76,4
16,77,4
16,78,4
16,79,5
16,80,6
16,81,4
16,82,4
16,83,4
16,84,5
16,85,6
16,86,5
16,87,4
16,88,4
16,89,6
16,90,4
16,91,5
16,92,5
16,93,6
16,94,5
16,95,5
16,96,4
16,97,5
16,98,4
16,99,4
16,100,7
16,101,6
16,102,4
16,103,4
16,104,5
16,105,4
16,106,5
16,107,4
16,108,4
16,109,4
16,110,5
16,111,5
16,112,5
16,113,3
16,114,0
16,115,0
16,116,0
16,117,0
16,118,0
16,119,0
16,120,5
16,121,5
16,122,4
16,123,4
16,124,6
16,125,4
16,126,6
16,127,4
16,128,3
16,129,4
16,130,4
16,131,5
16,132,3
16,133,4
16,134,4
16,135,4
16,136,3
16,137,4
16,138,4
16,139,3
16,140,3
16,141,4
16,142,5
16,143,4
16,144,4
16,145,4
16,146,4
16,147,3
16,148,3
16,149,5
16,150,4
16,151,4
16,152,4
16,153,3
16,154,4
16,155,4
16,156,3
16,157,5
16,158,5
16,159,4
16,160,3
16,161,4
16,162,4
16,163,5
16,164,4
16,165,4
16,166,4
16,167,5
16,168,4
16,169,5
16,170,6
16,171,5
16,172,4
16,173,5
16,174,4
16,175,4
16,176,4
16,177,3
16,178,4
16,179,5
16,180,4
16,181,5
16,182,0
16,183,0
16,184,0
16,185,0
16,186,5
16,187,4
16,188,5
16,189,5
16,190,5
16,191,4
16,192,5
16,193,4
16,194,3
16,195,3
16,196,3
16,197,3
17,1,0
17,2,0
17,3,0
17,4,0
17,5,0
17,6,0
17,7,0
17,8,0
17,9,0
17,10,0
17,11,0
17,12,5
17,13,5
17,14,6
17,15,4
17,16,6
17,17,7
17,18,7
17,19,5
17,20,3
17,21,0
17,22,5
17,23,6
17,24,6
17,25,5
17,26,5
17,27,6
17,28,6
17,29,3
17,30,5
17,31,5
17,32,5
17,33,5
17,34,6
17,35,5
17,36,6
17,37,5
17,38,5
17,39,6
17,40,6
17,41,5
17,42,5
17,43,5
17,44,4
17,45,5
17,46,5
17,47,5
17,48,6
17,49,7
17,50,7
17,51,7
17,52,8
17,53,6
17,54,7
17,55,8
17,56,7
17,57,8
17,58,5
17,59,6
17,60,8
17,61,10
17,62,10
17,63,8
17,64,10
17,65,10
17,66,10
17,67,10
17,68,10
17,69,10
17,70,10
17,71,10
17,72,8
17,73,5
17,74,6
17,75,6
17,76,8
17,77,10
17,78,7
17,79,6
17,80,10
17,81,5
17,82,5
17,83,10
17,84,5
17,85,6
17,86,5
17,87,10
17,88,10
17,89,10
17,90,6
17,91,10
17,92,10
17,93,10
17,94,10
17,95,5
17,96,5
17,97,6
17,98,6
17,99,6
17,100,5
17,101,5
17,102,5
17,103,5
17,104,5
17,105,5
17,106,5
17,107,6
17,108,2
17,109,5
17,110,5
17,111,0
17,112,0
17,113,0
17,114,0
17,115,0
17,116,0
17,117,0
17,118,5
17,119,5
17,120,5
17,121,6
17,122,6
17,123,6
17,124,5
17,125,5
17,126,5
17,127,5
17,128,2
17,129,6
17,130,6
17,131,10
17,132,6
17,133,5
17,134,6
17,135,0
17,136,0
17,137,0
17,138,0
17,139,5
17,140,5
17,141,5
17,142,6
17,143,5
17,144,5
17,145,5
17,146,5
17,147,6
17,148,0
17,149,6
17,150,7
17,151,6
17,152,7
17,153,8
17,154,7
17,155,8
17,156,7
17,157,8
17,158,8
17,159,8
17,160,6
17,161,8
17,162,6
17,163,10
17,164,5
17,165,5
17,166,4
17,167,0
17,168,5
17,169,6
17,170,6
17,171,3
17,172,2
17,173,11
17,174,5
17,175,5
17,176,5
17,177,0
17,178,0
17,179,0
17,180,0
17,181,0
17,182,0
17,183,0
17,184,0
17,185,0
17,186,0
17,187,0
17,188,0
17,189,0
17,190,0
17,191,0
17,192,5
17,193,6
17,194,7
17,195,6
17,196,6
17,197,5
18,1,0
18,2,0
18,3,5
18,4,6
18,5,11
18,6,5
18,7,5
18,8,6
18,9,6
18,10,7
18,11,0
18,12,0
18,13,0
18,14,0
18,15,6
18,16,5
18,17,6
18,18,4
18,19,5
18,20,6
18,21,4
18,22,7
18,23,7
18,24,7
18,25,8
18,26,7
18,27,5
18,28,7
18,29,6
18,30,4
18,31,5
18,32,5
18,33,4
18,34,5
18,35,6
18,36,7
18,37,0
18,38,0
18,39,0
18,40,0
18,41,0
18,42,0
18,43,0
18,44,0
18,45,0
18,46,5
18,47,6
18,48,5
18,49,6
18,50,5
18,51,6
18,52,5
18,53,6
18,54,8
18,55,7
18,56,5
18,57,6
18,58,5
18,59,5
18,60,5
18,61,6
18,62,6
18,63,7
18,64,5
18,65,6
18,66,5
18,67,6
18,68,5
18,69,6
18,70,5
18,71,5
18,72,6
18,73,6
18,74,7
18,75,0
18,76,0
18,77,5
18,78,6
18,79,7
18,80,6
18,81,7
18,82,6
18,83,5
18,84,5
18,85,6
18,86,7
18,87,5
18,88,5
18,89,0
18,90,5
18,91,5
18,92,6
18,93,6
18,94,4
18,95,5
18,96,4
18,97,4
18,98,4
18,99,6
18,100,5
18,101,7
18,102,6
18,103,6
18,104,2
18,105,0
18,106,0
18,107,6
18,108,7
18,109,6
18,110,5
18,111,6
18,112,5
18,113,4
18,114,5
18,115,3
18,116,5
18,117,5
18,118,4
18,119,5
18,120,5
18,121,4
18,122,5
18,123,4
18,124,6
18,125,4
18,126,5
18,127,5
18,128,5
18,129,5
18,130,6
18,131,7
18,132,5
18,133,6
18,134,5
18,135,6
18,136,5
18,137,6
18,138,6
18,139,5
18,140,7
18,141,5
18,142,6
18,143,5
18,144,6
18,145,5
18,146,5
18,147,6
18,148,6
18,149,5
18,150,7
18,151,6
18,152,6
18,153,6
18,154,5
18,155,6
18,156,5
18,157,6
18,158,6
18,159,8
18,160,6
18,161,6
18,162,6
18,163,7
18,164,6
18,165,7
18,166,6
18,167,5
18,168,6
18,169,5
18,170,6
18,171,5
18,172,6
18,173,5
18,174,8
18,175,6
18,176,7
18,177,6
18,178,0
18,179,0
18,180,0
18,181,0
18,182,0
18,183,0
18,184,0
18,185,0
18,186,0
18,187,0
18,188,0
18,189,0
18,190,0
18,191,0
18,192,0
18,193,0
18,194,0
18,195,0
18,196,0
18,197,0
19,1,8
19,2,9
19,3,8
19,4,11
19,5,13
19,6,9
19,7,10
19,8,10
19,9,8
19,10,9
19,11,9
19,12,8
19,13,9
19,14,10
19,15,10
19,16,10
19,17,9
19,18,11
19,19,13
19,20,11
19,21,10
19,22,15
19,23,10
19,24,9
19,25,9
19,26,9
19,27,7
19,28,13
19,29,9
19,30,7
19,31,10
19,32,11
19,33,9
19,34,9
19,35,11
19,36,8
19,37,5
19,38,6
19,39,6
19,40,9
19,41,6
19,42,6
19,43,7
19,44,6
19,45,7
19,46,10
19,47,10
19,48,8
19,49,9
19,50,10
19,51,7
19,52,8
19,53,8
19,54,9
19,55,7
19,56,8
19,57,7
19,58,9
19,59,7
19,60,10
19,61,7
19,62,9
19,63,8
19,64,9
19,65,7
19,66,8
19,67,10
19,68,10
19,69,8
19,70,9
19,71,8
19,72,8
19,73,5
19,74,5
19,75,6
19,76,6
19,77,7
19,78,6
19,79,6
19,80,6
19,81,5
19,82,5
19,83,6
19,84,6
19,85,5
19,86,6
19,87,6
19,88,6
19,89,8
19,90,8
19,91,7
19,92,6
19,93,6
19,94,8
19,95,6
19,96,9
19,97,7
19,98,7
19,99,7
19,100,8
19,101,5
19,102,6
19,103,6
19,104,6
19,105,7
19,106,7
19,107,8
19,108,8
19,109,7
19,110,9
19,111,7
19,112,6
19,113,8
19,114,7
19,115,9
19,116,10
19,117,8
19,118,7
19,119,8
19,120,10
19,121,8
19,122,7
19,123,8
19,124,12
19,125,10
19,126,7
19,127,8
19,128,9
19,129,8
19,130,6
19,131,9
19,132,8
19,133,10
19,134,6
19,135,5
19,136,5
19,137,6
19,138,6
19,139,6
19,140,5
19,141,5
19,142,4
19,143,5
19,144,5
19,145,5
19,146,6
19,147,6
19,148,7
19,149,6
19,150,5
19,151,5
19,152,6
19,153,5
19,154,6
19,155,7
19,156,5
19,157,5
19,158,6
19,159,7
19,160,5
19,161,5
19,162,6
19,163,5
19,164,6
19,165,6
19,166,7
19,167,5
19,168,5
19,169,6
19,170,4
19,171,5
19,172,4
19,173,5
19,174,6
19,175,7
19,176,6
19,177,5
19,178,6
19,179,6
19,180,6
19,181,6
19,182,6
19,183,5
19,184,5
19,185,5
19,186,5
19,187,5
19,188,5
19,189,5
19,190,7
19,191,5
19,192,5
19,193,6
19,194,5
19,195,5
19,196,5
19,197,6
20,1,5
20,2,5
20,3,7
20,4,8
20,5,8
20,6,9
20,7,9
20,8,9
20,9,6
20,10,7
20,11,8
20,12,0
20,13,7
20,14,8
20,15,0
20,16,0
20,17,0
20,18,0
20,19,0
20,20,0
20,21,6
20,22,5
20,23,4
20,24,0
20,25,0
20,26,0
20,27,0
20,28,0
20,29,0
20,30,0
20,31,0
20,32,1
20,33,0
20,34,1
20,35,3
20,36,1
20,37,2
20,38,2
20,39,2
20,40,0
20,41,0
20,42,0
20,43,0
20,44,0
20,45,0
20,46,9
20,47,9
20,48,10
20,49,6
20,50,7
20,51,9
20,52,9
20,53,9
20,54,9
20,55,9
20,56,8
20,57,8
20,58,8
20,59,8
20,60,9
20,61,3
20,62,3
20,63,2
20,64,2
20,65,2
20,66,2
20,67,0
20,68,4
20,69,4
20,70,3
20,71,4
20,72,9
20,73,15
20,74,15
20,75,10
20,76,10
20,77,7
20,78,7
20,79,9
20,80,11
20,81,13
20,82,13
20,83,8
20,84,11
20,85,10
20,86,10
20,87,8
20,88,9
20,89,2
20,90,0
20,91,0
20,92,0
20,93,3
20,94,3
20,95,2
20,96,4
20,97,3
20,98,3
20,99,5
20,100,5
20,101,3
20,102,3
20,103,2
20,104,3
20,105,4
20,106,5
20,107,4
20,108,5
20,109,6
20,110,5
20,111,6
20,112,6
20,113,7
20,114,6
20,115,6
20,116,8
20,117,6
20,118,6
20,119,5
20,120,5
20,121,3
20,122,5
20,123,5
20,124,6
20,125,5
20,126,5
20,127,5
20,128,5
20,129,5
20,130,5
20,131,6
20,132,6
20,133,6
20,134,5
20,135,6
20,136,5
20,137,4
20,138,4
20,139,4
20,140,3
20,141,2
20,142,3
20,143,3
20,144,3
20,145,4
20,146,3
20,147,3
20,148,4
20,149,5
20,150,4
20,151,4
20,152,4
20,153,4
20,154,5
20,155,5
20,156,4
20,157,5
20,158,5
20,159,6
20,160,5
20,161,6
20,162,6
20,163,5
20,164,7
20,165,6
20,166,6
20,167,5
20,168,5
20,169,4
20,170,4
20,171,4
20,172,5
20,173,5
20,174,2
20,175,0
20,176,10
20,177,10
20,178,10
20,179,3
20,180,3
20,181,3
20,182,3
20,183,3
20,184,3
20,185,3
20,186,3
20,187,4
20,188,3
20,189,5
20,190,3
20,191,5
20,192,3
20,193,4
20,194,5
20,195,4
20,196,2
20,197,3
21,1,5
21,2,6
21,3,7
21,4,6
21,5,9
21,6,6
21,7,9
21,8,8
21,9,7
21,10,9
21,11,7
21,12,6
21,13,11
21,14,10
21,15,10
21,16,7
21,17,8
21,18,8
21,19,8
21,20,8
21,21,13
21,22,9
21,23,6
21,24,10
21,25,10
21,26,8
21,27,8
21,28,8
21,29,10
21,30,6
21,31,8
21,32,10
21,33,8
21,34,9
21,35,4
21,36,6
21,37,8
21,38,5
21,39,6
21,40,8
21,41,6
21,42,7
21,43,6
21,44,7
21,45,5
21,46,8
21,47,9
21,48,6
21,49,6
21,50,9
21,51,9
21,52,6
21,53,7
21,54,6
21,55,6
21,56,9
21,57,6
21,58,5
21,59,8
21,60,8
21,61,6
21,62,8
21,63,8
21,64,7
21,65,7
21,66,6
21,67,6
21,68,9
21,69,8
21,70,8
21,71,7
21,72,6
21,73,9
21,74,7
21,75,9
21,76,6
21,77,7
21,78,8
21,79,8
21,80,9
21,81,8
21,82,7
21,83,6
21,84,8
21,85,7
21,86,10
21,87,8
21,88,7
21,89,8
21,90,10
21,91,5
21,92,7
21,93,8
21,94,8
21,95,10
21,96,8
21,97,8
21,98,6
21,99,7
21,100,7
21,101,8
21,102,5
21,103,6
21,104,5
21,105,10
21,106,10
21,107,12
21,108,8
21,109,9
21,110,8
21,111,7
21,112,8
21,113,8
21,114,6
21,115,7
21,116,7
21,117,8
21,118,7
21,119,8
21,120,7
21,121,6
21,122,7
21,123,8
21,124,10
21,125,7
21,126,8
21,127,9
21,128,6
21,129,6
21,130,9
21,131,7
21,132,8
21,133,6
21,134,6
21,135,7
21,136,6
21,137,7
21,138,6
21,139,7
21,140,8
21,141,8
21,142,9
21,143,5
21,144,7
21,145,6
21,146,8
21,147,7
21,148,6
21,149,7
21,150,6
21,151,7
21,152,8
21,153,8
21,154,6
21,155,6
21,156,6
21,157,9
21,158,5
21,159,6
21,160,5
21,161,6
21,162,7
21,163,6
21,164,5
21,165,7
21,166,6
21,167,8
21,168,6
21,169,9
21,170,7
21,171,8
21,172,6
21,173,6
21,174,6
21,175,10
21,176,8
21,177,7
21,178,8
21,179,9
21,180,9
21,181,7
21,182,10
21,183,8
21,184,10
21,185,10
21,186,12
21,187,7
21,188,8
21,189,10
21,190,8
21,191,7
21,192,9
21,193,7
21,194,7
21,195,8
21,196,7
21,197,8
22,2,4
22,3,5
22,4,5
22,5,5
22,6,6
22,7,4
22,8,4
22,9,3
22,10,7
22,11,3
22,12,5
22,13,5
22,14,4
22,15,7
22,16,4
22,17,4
22,18,4
22,19,0
22,20,3
22,21,3
22,22,2
22,23,3
22,24,5
22,25,3
22,26,3
22,27,5
22,28,4
22,29,4
22,30,3
22,31,3
22,32,5
22,33,4
22,34,2
22,35,4
22,36,4
22,37,5
22,38,4
22,39,4
22,40,4
22,41,3
22,42,4
22,43,4
22,44,4
22,45,4
22,46,5
22,47,4
22,48,5
22,49,5
22,50,6
22,51,5
22,52,5
22,53,5
22,54,5
22,55,4
22,56,5
22,57,5
22,58,5
22,59,4
22,60,5
22,61,4
22,62,4
22,63,4
22,64,5
22,65,5
22,66,5
22,67,6
22,68,4
22,69,4
22,70,4
22,71,4
22,72,5
22,73,5
22,74,6
22,75,3
22,76,6
22,77,4
22,78,5
22,79,4
22,80,5
22,81,6
22,82,6
22,83,5
22,84,5
22,85,4
22,86,5
22,87,4
22,88,4
22,89,4
22,90,3
22,91,5
22,92,3
22,93,4
22,94,5
22,95,5
22,96,3
22,97,5
22,98,4
22,99,5
22,100,5
22,101,5
22,102,3
22,103,5
22,104,5
22,105,5
22,106,5
22,107,5
22,108,5
22,109,5
22,110,5
22,111,3
22,112,4
22,113,4
22,114,4
22,115,4
22,116,4
22,117,5
22,118,5
22,119,5
22,120,6
22,121,6
22,122,5
22,123,4
22,124,6
22,125,5
22,126,4
22,127,5
22,128,5
22,129,5
22,130,4
22,131,4
22,132,5
22,133,3
22,134,5
22,135,5
22,136,5
22,138,5
22,139,4
22,140,5
22,141,5
22,142,4
22,143,5
22,144,5
22,145,6
22,146,6
22,147,5
22,148,6
22,149,4
22,150,6
22,151,6
22,152,7
22,153,5
22,154,5
22,155,5
22,156,5
22,157,6
22,158,4
22,159,6
22,160,4
22,161,5
22,162,7
22,163,8
22,164,6
22,165,4
22,166,5
22,167,5
22,168,0
22,169,0
22,170,0
22,171,0
22,172,0
22,173,0
22,174,0
22,175,0
22,176,0
22,177,0
22,178,0
22,179,0
22,180,0
22,181,0
22,182,0
22,183,4
22,184,4
22,185,3
22,186,4
22,187,2
22,188,3
22,189,5
22,190,6
22,191,7
22,192,7
22,193,4
22,194,5
22,195,5
22,196,4
22,197,5
23,2,0
23,3,13
23,4,10
23,5,4
23,6,10
23,7,15
23,8,5
23,9,10
23,10,10
23,11,10
23,12,15
23,13,12
23,14,9
23,15,10
23,16,10
23,17,15
23,18,15
23,19,12
23,20,10
23,21,6
23,22,10
23,23,10
23,24,10
23,25,10
23,26,10
23,27,15
23,28,11
23,29,10
23,30,7
23,31,15
23,32,15
23,33,15
23,34,15
23,35,14
23,36,13
23,37,15
23,38,8
23,39,10
23,40,15
23,41,15
23,42,15
23,43,15
23,44,10
23,45,15
23,46,15
23,47,15
23,48,15
23,49,15
23,50,15
23,51,15
23,52,10
23,53,15
23,54,15
23,55,15
23,56,15
23,57,15
23,58,15
23,59,15
23,60,0
23,61,30
23,62,15
23,63,0
23,64,0
23,65,0
23,66,0
23,67,0
23,68,0
23,69,10
23,70,15
23,71,15
23,72,8
23,73,12
23,74,10
23,75,15
23,76,15
23,77,15
23,78,15
23,79,0
23,80,0
23,81,0
23,82,0
23,83,15
23,84,0
23,85,0
23,86,15
23,87,15
23,88,15
23,89,15
23,90,0
23,91,0
23,92,0
23,93,0
23,94,0
23,95,0
23,96,0
23,97,0
23,98,0
23,99,15
23,100,15
23,101,15
23,102,15
23,103,15
23,104,15
23,105,15
23,106,15
23,107,15
23,108,15
23,109,15
23,110,15
23,111,15
23,112,15
23,113,15
23,114,15
23,115,15
23,116,15
23,117,15
23,118,15
23,119,15
23,120,15
23,121,15
23,122,15
23,123,15
23,124,10
23,125,15
23,126,15
23,127,15
23,128,15
23,129,15
23,130,15
23,131,15
23,132,15
23,133,15
23,134,15
23,135,15
23,136,15
23,137,15
23,138,15
23,139,15
23,140,15
23,141,15
23,142,15
23,143,15
23,144,15
23,145,15
23,146,15
23,147,15
23,148,15
23,149,15
23,150,15
23,151,15
23,152,15
23,153,15
23,154,13
23,155,15
23,156,15
23,157,15
23,158,10
23,159,15
23,160,15
23,161,15
23,162,15
23,163,15
23,164,15
23,165,15
23,166,15
23,167,15
23,168,15
23,169,15
23,170,15
23,171,15
23,172,15
23,173,15
23,174,15
23,175,15
23,176,15
23,177,6
23,178,4
23,179,4
23,180,6
23,181,4
23,182,0
23,183,0
23,184,0
23,185,0
23,186,0
23,187,0
23,188,0
23,189,0
23,190,4
23,191,10
23,192,6
23,193,6
23,194,7
23,195,3
23,196,5
23,197,6
24,2,5
24,3,6
24,4,7
24,5,6
24,6,7
24,7,6
24,8,8
24,9,7
24,10,8
24,11,5
24,12,7
24,13,6
24,14,6
24,15,7
24,16,8
24,17,9
24,18,7
24,19,5
24,20,8
24,21,6
24,22,6
24,23,7
24,24,9
24,25,7
24,26,8
24,27,9
24,28,8
24,29,10
24,30,9
24,31,6
24,32,8
24,33,6
24,34,6
24,35,6
24,36,7
24,37,7
24,38,7
24,39,6
24,40,7
24,41,6
24,42,8
24,43,6
24,44,6
24,45,8
24,46,6
24,47,7
24,48,6
24,49,7
24,50,0
24,51,0
24,52,0
24,53,0
24,54,0
24,55,0
24,56,0
24,57,0
24,58,0
24,59,0
24,60,0
24,61,7
24,62,5
24,63,6
24,64,6
24,65,7
24,66,8
24,67,8
24,68,9
24,69,8
24,70,4
24,71,6
24,72,5
24,73,5
24,74,4
24,75,4
24,76,5
24,77,8
24,78,10
24,79,7
24,80,8
24,81,8
24,82,6
24,83,7
24,84,8
24,85,5
24,86,8
24,87,4
24,88,0
24,89,0
24,90,7
24,91,5
24,92,5
24,93,5
24,94,7
24,95,6
24,96,2
24,97,5
24,98,7
24,99,8
24,100,5
24,101,7
24,103,5
24,104,4
24,105,5
24,106,3
24,107,3
24,108,5
24,109,4
24,110,5
24,111,4
24,112,7
24,113,5
24,114,5
24,115,0
24,116,9
24,117,6
24,118,5
24,119,6
24,120,5
24,121,5
24,122,5
24,123,7
24,124,4
24,125,6
24,126,6
24,127,8
24,128,7
24,129,7
24,130,6
24,131,6
24,132,5
24,133,5
24,134,7
24,135,4
24,136,6
24,137,6
24,138,4
24,139,7
24,140,6
24,141,6
24,142,4
24,143,5
24,144,8
24,145,6
24,146,5
24,147,7
24,148,5
24,149,6
24,150,5
24,151,5
24,152,6
24,153,7
24,154,5
24,155,4
24,156,0
24,157,0
24,158,0
24,159,0
24,160,0
24,161,0
24,162,0
24,163,0
24,164,0
24,165,0
24,166,0
24,167,0
24,168,0
24,169,0
24,170,0
24,171,0
24,172,0
24,173,0
24,174,0
24,175,2
24,176,2
24,177,3
24,178,5
24,179,5
24,180,6
24,181,0
24,182,0
24,183,0
24,184,0
24,185,0
24,186,0
24,187,0
24,188,0
24,189,0
24,190,0
24,191,0
24,192,0
24,193,5
24,194,6
24,195,5
24,196,4
24,197,4
25,2,1
25,3,1
25,4,1
25,5,0
25,6,0
25,7,2
25,8,0
25,9,0
25,10,0
25,11,0
25,12,1
25,13,0
25,14,0
25,15,0
25,16,0
25,17,0
25,18,1
25,19,1
25,20,0
25,21,1
25,22,1
25,23,1
25,24,0
25,25,0
25,26,0
25,27,1
25,28,0
25,29,1
25,30,0
25,31,2
25,32,0
25,33,0
25,34,0
25,35,1
25,36,0
25,37,0
25,38,0
25,39,0
25,40,0
25,41,0
25,42,0
25,43,0
25,44,0
25,45,2
25,46,0
25,47,2
25,48,0
25,49,0
25,50,1
25,51,0
25,52,0
25,53,1
25,54,0
25,55,0
25,56,0
25,57,0
25,58,0
25,59,1
25,60,0
25,61,3
25,62,1
25,63,0
25,64,0
25,65,2
25,66,0
25,67,1
25,68,1
25,69,0
25,70,1
25,71,0
25,72,1
25,73,0
25,74,1
25,75,0
25,76,0
25,77,1
25,78,0
25,79,0
25,80,0
25,81,0
25,82,0
25,83,0
25,84,0
25,85,1
25,86,1
25,87,1
25,88,1
25,89,2
25,90,3
25,91,1
25,92,0
25,93,0
25,94,0
25,95,0
25,96,1
25,97,4
25,98,0
25,99,0
25,100,0
25,101,0
25,102,0
25,103,0
25,104,0
25,105,0
25,106,0
25,107,0
25,108,0
25,109,0
25,110,2
25,111,2
25,112,2
25,113,3
25,114,4
25,115,2
25,116,3
25,117,2
25,118,3
25,119,2
25,120,1
25,121,3
25,122,2
25,123,3
25,124,3
25,125,3
25,126,2
25,127,3
25,128,3
25,129,2
25,130,1
25,131,2
25,132,2
25,133,2
25,134,2
25,135,2
25,136,3
25,137,2
25,138,0
25,139,1
25,140,1
25,141,2
25,142,1
25,143,2
25,144,2
25,145,2
25,146,1
25,147,1
25,148,1
25,149,1
25,150,1
25,151,1
25,152,2
25,153,2
25,154,2
25,155,2
25,156,2
25,157,1
25,158,2
25,159,2
25,160,2
25,161,2
25,162,2
25,163,2
25,164,2
25,165,2
25,166,2
25,167,2
25,168,3
25,169,3
25,170,3
25,171,3
25,172,3
25,173,3
25,174,2
25,175,2
25,176,2
25,177,3
25,178,3
25,179,3
25,180,3
25,181,3
25,182,3
25,183,3
25,184,3
25,185,3
25,186,1
25,187,1
25,188,2
25,189,2
25,190,2
25,191,2
25,192,2
25,193,2
25,194,2
25,195,2
25,196,2
25,197,2
26,2,4
26,3,3
26,4,0
26,5,5
26,6,0
26,7,6
26,8,2
26,9,5
26,10,3
26,11,4
26,12,4
26,13,1
26,14,0
26,15,4
26,16,3
26,17,3
26,18,3
26,19,3
26,20,4
26,21,4
26,22,2
26,23,4
26,24,3
26,25,5
26,26,4
26,27,4
26,28,4
26,29,3
26,30,3
26,31,2
26,32,3
26,33,3
26,34,5
26,35,2
26,36,1
26,37,2
26,38,4
26,39,3
26,40,4
26,41,5
26,42,5
26,43,4
26,44,5
26,45,3
26,46,3
26,47,2
26,48,2
26,49,6
26,50,5
26,51,6
26,52,5
26,53,4
26,54,3
26,55,6
26,56,4
26,57,5
26,58,5
26,59,0
26,60,8
26,61,6
26,62,4
26,63,4
26,64,6
26,65,8
26,66,5
26,67,5
26,68,0
26,69,5
26,70,6
26,71,2
26,72,4
26,73,3
26,74,4
26,75,3
26,76,0
26,77,2
26,78,12
26,79,7
26,80,11
26,81,7
26,82,13
26,83,8
26,84,9
26,85,7
26,86,6
26,87,5
26,88,0
26,89,7
26,90,10
26,91,6
26,92,7
26,93,7
26,94,6
26,95,9
26,96,10
26,97,12
26,98,7
26,99,6
26,100,6
26,101,4
26,102,9
26,103,6
26,104,7
26,105,6
26,106,6
26,107,7
26,108,10
26,109,4
26,110,6
26,111,6
26,112,9
26,113,0
26,114,0
26,115,0
26,116,0
26,117,0
26,118,0
26,119,0
26,120,7
26,121,6
26,122,6
26,123,7
26,124,6
26,125,8
26,126,6
26,127,6
26,128,5
26,129,6
26,130,5
26,131,7
26,132,3
26,133,8
26,134,7
26,135,0
26,136,5
26,137,6
26,138,6
26,139,7
26,140,10
26,141,3
26,142,4
26,143,5
26,144,8
26,145,0
26,146,6
26,147,7
26,148,9
26,149,8
26,150,12
26,151,8
26,152,7
26,153,8
26,154,8
26,155,7
26,156,8
26,157,6
26,158,8
26,159,8
26,160,7
26,161,7
26,162,7
26,163,10
26,164,7
26,165,8
26,166,6
26,167,10
26,168,7
26,169,0
26,170,0
26,171,0
26,172,0
26,173,6
26,174,4
26,175,0
26,176,0
26,177,7
26,178,9
26,179,7
26,180,10
26,181,5
26,182,10
26,183,5
26,184,9
26,185,8
26,186,7
26,187,8
26,188,5
26,189,7
26,190,7
26,191,8
26,192,8
26,193,10
26,194,7
26,195,10
26,196,6
26,197,6
27,2,5
27,3,3
27,4,5
27,5,8
27,6,3
27,7,4
27,8,5
27,9,3
27,10,5
27,11,4
27,12,6
27,13,7
27,14,7
27,15,5
27,16,9
27,17,4
27,18,7
27,19,6
27,20,5
27,21,5
27,22,4
27,23,5
27,24,7
27,25,6
27,26,5
27,27,8
27,28,8
27,29,10
27,30,4
27,31,8
27,32,5
27,33,11
27,34,7
27,35,10
27,36,7
27,37,5
27,38,5
27,39,10
27,40,12
27,41,9
27,42,12
27,43,9
27,44,7
27,45,5
27,46,8
27,47,7
27,48,9
27,49,7
27,50,9
27,51,6
27,52,5
27,53,9
27,54,11
27,55,8
27,56,13
27,57,7
27,58,8
27,59,7
27,60,11
27,61,9
27,62,9
27,63,9
27,64,7
27,65,11
27,66,6
27,67,13
27,68,8
27,69,10
27,70,5
27,71,9
27,72,8
27,73,6
27,74,6
27,75,7
27,76,7
27,77,8
27,78,8
27,79,8
27,80,9
27,81,14
27,82,8
27,83,9
27,84,11
27,85,10
27,86,8
27,87,9
27,88,7
27,89,12
27,90,9
27,91,9
27,92,12
27,93,7
27,94,8
27,95,7
27,96,11
27,97,11
27,98,9
27,99,14
27,100,10
27,101,9
27,102,8
27,103,8
27,104,6
27,105,7
27,106,9
27,107,11
27,108,12
27,109,3
27,110,12
27,111,7
27,112,8
27,113,10
27,114,0
27,115,0
27,116,0
27,117,0
27,118,0
27,119,0
27,120,5
27,121,7
27,122,6
27,123,8
27,124,7
27,125,7
27,126,9
27,127,9
27,128,8
27,129,6
27,130,6
27,131,4
27,132,8
27,133,7
27,134,8
27,135,6
27,136,7
27,137,8
27,138,5
27,139,7
27,140,6
27,141,8
27,142,10
27,143,5
27,144,7
27,145,8
27,146,9
27,147,6
27,148,9
27,149,7
27,150,9
27,151,6
27,152,10
27,153,7
27,154,6
27,155,7
27,156,6
27,157,8
27,158,9
27,159,8
27,160,9
27,161,7
27,162,6
27,163,7
27,164,8
27,165,7
27,166,8
27,167,6
27,168,7
27,169,9
27,170,3
27,171,7
27,172,8
27,173,9
27,174,8
27,175,6
27,176,8
27,177,9
27,178,11
27,179,9
27,180,8
27,181,0
27,182,0
27,183,0
27,184,0
27,185,0
27,186,4
27,187,7
27,188,7
27,189,6
27,190,8
27,191,6
27,192,6
27,193,7
27,194,8
27,195,7
27,196,8
27,197,7
28,2,0
28,3,0
28,4,2
28,5,4
28,6,2
28,7,1
28,8,4
28,9,3
28,10,5
28,11,6
28,12,0
28,13,5
28,14,3
28,15,4
28,16,2
28,17,3
28,18,2
28,19,5
28,20,5
28,21,0
28,22,0
28,23,0
28,24,0
28,25,0
28,26,5
28,27,4
28,28,8
28,29,2
28,30,1
28,31,5
28,32,4
28,33,0
28,34,4
28,35,3
28,36,0
28,37,5
28,38,2
28,39,3
28,40,5
28,41,3
28,42,6
28,43,7
28,44,7
28,45,3
28,46,4
28,47,4
28,48,6
28,49,0
28,50,5
28,51,9
28,52,5
28,53,6
28,54,3
28,55,0
28,56,0
28,57,0
28,58,4
28,59,6
28,60,7
28,61,8
28,62,6
28,63,5
28,64,8
28,65,6
28,66,5
28,67,6
28,68,0
28,69,0
28,70,3
28,71,2
28,72,3
28,73,4
28,74,5
28,75,0
28,76,7
28,77,3
28,78,3
28,79,4
28,80,6
28,81,5
28,82,4
28,83,5
28,84,3
28,85,3
28,86,0
28,87,0
28,88,3
28,89,4
28,90,0
28,91,5
28,92,5
28,93,3
28,94,8
28,95,4
28,96,6
28,97,9
28,98,7
28,99,0
28,100,7
28,101,8
28,102,4
28,103,5
28,104,5
28,105,7
28,106,6
28,107,8
28,108,5
28,109,0
28,110,0
28,111,0
28,112,4
28,113,6
28,114,6
28,115,0
28,116,0
28,117,0
28,118,0
28,119,8
28,120,8
28,121,8
28,122,4
28,123,8
28,124,4
28,125,3
28,126,9
28,127,5
28,128,0
28,129,5
28,130,8
28,131,4
28,132,1
28,133,8
28,134,0
28,135,0
28,136,0
28,137,3
28,138,0
28,139,0
28,140,0
28,141,3
28,142,6
28,143,6
28,144,0
28,145,2
28,146,8
28,147,5
28,148,5
28,149,6
28,150,7
28,151,2
28,152,0
28,153,5
28,154,8
28,155,12
28,156,8
28,157,5
28,158,8
28,159,5
28,160,8
28,161,3
28,162,7
28,163,3
28,164,7
28,165,0
28,166,7
28,167,6
28,168,5
28,169,3
28,170,6
28,171,0
28,172,0
28,173,0
28,174,3
28,175,5
28,176,5
28,177,7
28,178,0
28,179,4
28,180,4
28,181,4
28,182,0
28,183,0
28,184,0
28,185,0
28,186,0
28,187,0
28,188,0
28,189,0
28,190,0
28,191,0
28,192,5
28,193,7
28,194,10
28,195,7
28,196,6
28,197,4
29,2,1
29,3,4
29,4,5
29,5,3
29,6,3
29,7,4
29,8,4
29,9,2
29,10,9
29,11,4
29,12,1
29,13,2
29,14,5
29,15,8
29,16,7
29,17,4
29,18,3
29,19,0
29,20,1
29,21,1
29,22,2
29,23,5
29,24,5
29,25,5
29,26,6
29,27,4
29,28,3
29,29,3
29,30,2
29,31,6
29,32,3
29,33,2
29,34,5
29,35,5
29,36,5
29,37,2
29,38,2
29,39,1
29,40,5
29,41,2
29,42,4
29,43,3
29,44,4
29,45,4
29,46,3
29,47,3
29,48,6
29,49,4
29,50,5
29,51,3
29,52,2
29,53,5
29,54,3
29,55,7
29,56,5
29,57,6
29,58,5
29,59,5
29,60,5
29,61,10
29,62,4
29,63,1
29,64,3
29,65,4
29,66,4
29,67,5
29,68,5
29,69,3
29,70,1
29,71,3
29,72,5
29,73,3
29,74,4
29,75,4
29,76,0
29,77,0
29,78,0
29,79,0
29,80,0
29,81,0
29,82,2
29,83,7
29,84,8
29,85,8
29,86,5
29,87,6
29,88,5
29,89,3
29,90,5
29,91,3
29,92,4
29,93,4
29,94,4
29,95,3
29,96,5
29,97,4
29,98,4
29,99,4
29,100,6
29,101,7
29,102,5
29,103,3
29,104,0
29,105,0
29,106,0
29,107,0
29,108,0
29,109,0
29,110,0
29,111,0
29,112,0
29,113,0
29,114,0
29,115,0
29,116,0
29,117,8
29,118,8
29,119,5
29,120,5
29,121,5
29,122,0
29,123,0
29,124,0
29,125,0
29,126,0
29,127,0
29,128,0
29,129,0
29,130,0
29,131,2
29,132,2
29,133,3
29,134,3
29,135,3
29,136,4
29,137,4
29,138,2
29,139,5
29,140,2
29,141,2
29,142,5
29,143,4
29,144,4
29,145,5
29,146,1
29,147,4
29,148,5
29,149,5
29,150,4
29,151,6
29,152,5
29,153,7
29,154,7
29,155,6
29,156,6
29,157,7
29,158,5
29,159,6
29,160,6
29,161,5
29,162,5
29,163,3
29,164,5
29,165,4
29,166,5
29,167,6
29,168,5
29,169,5
29,170,5
29,171,5
29,172,4
29,173,7
29,174,5
29,175,5
29,176,6
29,177,6
29,178,7
29,179,5
29,180,6
29,181,5
29,182,2
29,183,0
29,184,0
29,185,0
29,186,0
29,187,0
29,188,0
29,189,0
29,190,0
29,191,0
29,192,0
29,193,0
29,194,0
29,195,0
29,196,0
29,197,4
30,2,0
30,3,0
30,4,0
30,5,0
30,6,0
30,7,0
30,8,0
30,9,0
30,10,0
30,11,0
30,12,2
30,13,2
30,14,1
30,15,4
30,16,0
30,17,0
30,18,0
30,19,0
30,20,0
30,21,1
30,22,1
30,23,2
30,24,2
30,25,3
30,26,2
30,27,1
30,28,3
30,29,3
30,30,3
30,31,4
30,32,3
30,33,3
30,34,2
30,35,2
30,36,2
30,37,2
30,38,2
30,39,3
30,40,2
30,41,2
30,42,2
30,43,3
30,44,2
30,45,0
30,46,0
30,47,0
30,48,0
30,49,0
30,50,0
30,51,0
30,52,0
30,53,0
30,54,0
30,55,0
30,56,6
30,57,5
30,58,3
30,59,1
30,60,3
30,61,6
30,62,1
30,63,3
30,64,3
30,65,3
30,66,3
30,67,2
30,68,3
30,69,4
30,70,2
30,71,3
30,72,3
30,73,2
30,74,2
30,75,2
30,76,1
30,77,1
30,78,5
30,79,2
30,80,3
30,81,3
30,82,4
30,83,4
30,84,1
30,85,0
30,86,0
30,87,0
30,88,0
30,89,0
30,90,0
30,91,0
30,92,0
30,93,0
30,94,0
30,95,0
30,96,0
30,97,0
30,98,0
30,99,0
30,100,0
30,101,0
30,102,0
30,103,0
30,104,0
30,105,0
30,106,0
30,107,0
30,108,0
30,109,0
30,110,0
30,111,0
30,112,0
30,113,0
30,114,0
30,115,0
30,116,0
30,117,0
30,118,1
30,119,2
30,120,2
30,121,1
30,122,2
30,123,4
30,124,0
30,125,2
30,126,3
30,127,2
30,128,4
30,129,2
30,130,4
30,131,3
30,132,3
30,133,5
30,134,3
30,135,4
30,136,6
30,137,2
30,138,2
30,139,1
30,140,1
30,141,1
30,142,2
30,143,2
30,144,2
30,145,3
30,146,3
30,147,2
30,148,2
30,149,2
30,150,2
30,151,2
30,152,3
30,153,1
30,154,1
30,155,3
30,156,3
30,157,2
30,158,2
30,159,2
30,160,2
30,161,3
30,162,2
30,163,3
30,164,1
30,165,3
30,166,1
30,167,1
30,168,3
30,169,2
30,170,1
30,171,1
30,172,1
30,173,1
30,174,1
30,175,1
30,176,2
30,177,2
30,178,2
30,179,1
30,180,1
30,181,0
30,182,0
30,183,0
30,184,0
30,185,0
30,186,0
30,187,0
30,188,0
30,189,0
30,190,1
30,191,1
30,192,1
30,193,0
30,194,0
30,195,0
30,196,0
30,197,0
31,4,2
31,5,1
31,6,1
31,7,1
31,8,1
31,9,3
31,10,1
31,11,1
31,12,3
31,13,2
31,14,3
31,15,3
31,16,6
31,17,2
31,18,2
31,19,2
31,20,2
31,21,2
31,22,3
31,23,2
31,24,2
31,25,4
31,26,2
31,27,5
31,28,2
31,29,5
31,30,2
31,31,3
31,32,2
31,33,2
31,34,2
31,35,3
31,36,2
31,37,2
31,38,1
31,39,2
31,40,2
31,41,3
31,42,3
31,43,2
31,44,2
31,45,2
31,46,3
31,47,2
31,48,2
31,49,3
31,50,2
31,51,2
31,52,3
31,53,3
31,54,3
31,55,5
31,56,5
31,57,3
31,58,2
31,59,3
31,60,2
31,61,2
31,62,2
31,63,2
31,64,3
31,65,2
31,66,2
31,67,2
31,68,2
31,69,2
31,70,3
31,71,3
31,72,3
31,73,3
31,74,2
31,75,3
31,76,2
31,77,3
31,78,2
31,79,3
31,80,2
31,81,3
31,82,2
31,83,4
31,84,3
31,85,2
31,86,2
31,87,3
31,88,5
31,89,3
31,90,3
31,91,2
31,92,2
31,93,4
31,94,3
31,95,2
31,96,2
31,97,3
31,98,2
31,99,2
31,100,2
31,101,2
31,102,3
31,103,3
31,104,2
31,105,3
31,106,3
31,107,4
31,108,6
31,109,4
31,110,4
31,111,3
31,112,3
31,113,3
31,114,3
31,115,3
31,116,3
31,117,4
31,118,2
31,119,3
31,120,3
31,121,3
31,122,3
31,123,3
31,124,4
31,125,3
31,126,3
31,127,4
31,128,4
31,129,4
31,130,3
31,131,4
31,132,3
31,133,3
31,134,3
31,135,4
31,136,4
31,137,4
31,138,4
31,139,4
31,140,3
31,141,5
31,142,3
31,143,4
31,144,4
31,145,3
31,146,2
31,147,3
31,148,3
31,149,2
31,150,2
31,151,2
31,152,3
31,153,2
31,154,2
31,155,3
31,156,2
31,157,2
31,158,3
31,159,2
31,160,3
31,161,3
31,162,3
31,163,3
31,164,3
31,165,3
31,166,2
31,167,3
31,168,2
31,169,2
31,170,3
31,171,2
31,172,3
31,173,3
31,174,3
31,175,2
31,176,2
31,177,3
31,178,2
31,179,3
31,180,2
31,181,3
31,182,0
31,183,0
31,184,0
31,185,0
31,186,0
31,187,0
31,188,2
31,189,1
31,190,3
31,191,3
31,192,3
31,193,2
31,194,2
31,195,3
31,196,2
31,197,3
32,4,6
32,5,8
32,6,2
32,7,5
32,8,5
32,9,5
32,10,6
32,11,7
32,12,5
32,13,6
32,14,4
32,15,6
32,16,5
32,17,8
32,18,5
32,19,4
32,20,7
32,21,4
32,22,5
32,23,7
32,24,6
32,25,6
32,26,7
32,27,3
32,28,2
32,29,0
32,30,0
32,31,3
32,32,4
32,33,3
32,34,4
32,35,5
32,36,4
32,37,3
32,38,3
32,39,4
32,40,6
32,41,4
32,42,4
32,43,8
32,44,9
32,45,4
32,46,8
32,47,3
32,48,2
32,49,4
32,50,5
32,51,4
32,52,7
32,53,5
32,54,2
32,55,5
32,56,6
32,57,6
32,58,3
32,59,6
32,60,3
32,61,2
32,62,5
32,63,5
32,64,5
32,65,5
32,66,5
32,67,6
32,68,3
32,69,6
32,70,6
32,71,5
32,72,5
32,73,4
32,74,5
32,75,6
32,76,6
32,77,7
32,78,5
32,79,5
32,80,6
32,81,6
32,82,7
32,83,9
32,84,5
32,85,7
32,86,6
32,87,7
32,88,7
32,89,6
32,90,5
32,91,6
32,92,6
32,93,7
32,94,4
32,95,5
32,96,6
32,97,8
32,98,7
32,99,7
32,100,7
32,101,6
32,102,7
32,103,8
32,104,7
32,105,8
32,106,8
32,107,8
32,108,6
32,109,8
32,110,8
32,111,8
32,112,6
32,113,6
32,114,8
32,115,5
32,116,8
32,117,6
32,118,6
32,119,7
32,120,7
32,121,7
32,122,7
32,123,6
32,124,8
32,125,7
32,126,6
32,127,7
32,128,8
32,129,6
32,130,6
32,131,6
32,132,8
32,133,5
32,134,7
32,135,5
32,136,5
32,137,6
32,138,6
32,139,7
32,140,5
32,141,6
32,142,7
32,143,6
32,144,6
32,145,5
32,146,6
32,147,7
32,148,6
32,149,6
32,150,6
32,151,6
32,152,7
32,153,6
32,154,6
32,155,6
32,156,7
32,157,6
32,158,5
32,159,6
32,160,6
32,161,6
32,162,8
32,163,7
32,164,8
32,165,5
32,166,3
32,167,8
32,168,5
32,169,6
32,170,7
32,171,6
32,172,6
32,173,8
32,174,5
32,175,5
32,176,6
32,177,8
32,178,6
32,179,6
32,180,8
32,181,7
32,182,7
32,183,5
32,184,6
32,185,6
32,186,6
32,187,8
32,188,8
32,189,2
32,190,1
32,191,0
32,192,0
32,193,0
32,194,0
32,195,2
32,196,1
32,197,1
33,4,1
33,5,1
33,6,2
33,7,3
33,8,3
33,9,5
33,10,5
33,11,6
33,12,5
33,13,5
33,14,4
33,15,6
33,16,7
33,17,8
33,18,6
33,19,5
33,20,5
33,21,6
33,22,6
33,23,5
33,24,5
33,25,4
33,26,5
33,27,6
33,28,5
33,29,5
33,30,5
33,31,4
33,32,3
33,33,5
33,34,4
33,35,5
33,36,4
33,37,4
33,38,4
33,39,5
33,40,6
33,41,6
33,42,5
33,43,5
33,44,6
33,45,5
33,46,6
33,47,6
33,48,6
33,49,6
33,50,5
33,51,4
33,52,6
33,53,5
33,54,5
33,55,6
33,56,4
33,57,5
33,58,5
33,59,4
33,60,5
33,61,6
33,62,5
33,63,5
33,64,5
33,65,4
33,66,5
33,67,6
33,68,5
33,69,5
33,70,5
33,71,5
33,72,5
33,73,5
33,74,5
33,75,4
33,76,5
33,77,5
33,78,4
33,79,4
33,80,5
33,81,4
33,82,5
33,83,2
33,84,2
33,85,2
33,86,6
33,87,5
33,88,6
33,89,4
33,90,5
33,91,6
33,92,5
33,93,4
33,94,6
33,95,4
33,96,5
33,97,5
33,98,6
33,99,6
33,100,6
33,101,5
33,102,5
33,103,5
33,104,6
33,105,4
33,106,4
33,107,4
33,108,5
33,109,5
33,110,4
33,111,3
33,112,3
33,113,4
33,114,5
33,115,4
33,116,3
33,117,4
33,118,2
33,120,2
33,121,3
33,122,3
33,123,3
33,124,3
33,125,3
33,126,5
33,127,4
33,128,5
33,129,3
33,130,5
33,131,5
33,132,4
33,133,6
33,134,4
33,135,4
33,136,4
33,137,5
33,138,4
33,139,6
33,140,4
33,141,4
33,142,4
33,143,6
33,144,5
33,145,5
33,146,6
33,147,4
33,148,5
33,149,3
33,150,4
33,151,3
33,152,6
33,153,4
33,154,4
33,155,4
33,156,5
33,157,6
33,158,3
33,159,4
33,160,4
33,161,2
33,162,3
33,163,4
33,164,2
33,165,5
33,166,2
33,167,2
33,168,4
33,169,3
33,170,6
33,171,4
33,172,5
33,173,4
33,174,5
33,175,4
33,176,5
33,177,5
33,178,4
33,179,5
33,180,3
33,181,3
33,182,3
33,183,3
33,184,0
33,185,0
33,186,0
33,187,0
33,188,0
33,189,3
33,190,3
33,191,3
33,192,3
33,193,3
33,194,3
33,195,3
33,196,4
33,197,5
34,4,15
34,5,14
34,6,15
34,7,10
34,8,15
34,9,0
34,10,30
34,11,15
34,12,13
34,13,30
34,14,13
34,15,15
34,16,30
34,17,10
34,18,30
34,19,15
34,20,30
34,21,11
34,22,13
34,23,13
34,24,30
34,25,15
34,26,0
34,27,0
34,28,0
34,30,30
34,31,30
34,32,15
34,33,6
34,34,14
34,35,0
34,36,0
34,37,0
34,38,0
34,39,29
34,40,30
34,41,0
34,42,45
34,43,30
34,44,30
34,45,0
34,46,0
34,47,45
34,48,68
34,49,45
34,50,60
34,51,15
34,52,0
34,53,30
34,54,0
34,55,0
34,56,0
34,57,0
34,58,0
34,59,0
34,60,0
34,61,60
34,62,60
34,63,45
34,64,45
34,65,45
34,66,45
34,67,15
34,68,30
34,69,0
34,70,0
34,71,0
34,72,45
34,73,60
34,74,60
34,75,45
34,76,45
34,77,30
34,78,60
34,79,60
34,80,30
34,81,30
34,82,30
34,83,61
34,84,45
34,85,15
34,86,15
34,87,0
34,88,0
34,89,0
34,90,15
34,91,15
34,92,60
34,93,15
34,94,45
34,95,60
34,96,15
34,97,45
34,98,30
34,99,30
34,100,30
34,101,0
34,102,0
34,103,0
34,104,0
34,105,0
34,106,0
34,107,0
34,108,0
34,109,0
34,110,30
34,111,0
34,112,0
34,113,0
34,115,0
34,116,0
34,117,0
34,118,50
34,119,58
34,120,0
34,121,0
34,122,15
34,123,33
34,124,45
34,125,0
34,126,0
34,127,0
34,128,0
34,129,0
34,130,0
34,131,0
34,132,0
34,133,0
34,134,0
34,135,0
34,136,0
34,137,0
34,138,0
34,139,0
34,140,0
34,141,0
34,142,0
34,143,0
34,144,0
34,145,0
34,146,0
34,147,15
34,148,30
34,149,0
34,150,55
34,151,0
34,152,34
34,153,15
34,154,60
34,155,37
34,156,0
34,157,15
34,158,0
34,159,29
34,160,37
34,161,15
34,162,45
34,163,15
34,164,15
34,165,30
34,166,30
34,167,30
34,168,45
34,169,10
34,170,0
34,171,0
34,172,15
34,173,0
34,174,0
34,175,0
34,176,0
34,177,0
34,178,0
34,179,15
34,180,0
34,181,0
34,182,0
34,183,0
34,184,0
34,185,0
34,186,0
34,187,0
34,188,0
34,189,0
34,190,0
34,191,0
34,192,27
34,193,0
34,194,14
34,195,9
34,196,15
34,197,15
35,4,14
35,5,10
35,6,7
35,7,6
35,8,3
35,9,5
35,10,0
35,11,0
35,12,5
35,13,4
35,14,4
35,15,5
35,16,5
35,17,3
35,18,8
35,19,4
35,20,5
35,21,5
35,22,3
35,23,3
35,24,6
35,25,4
35,26,0
35,27,4
35,28,4
35,29,1
35,30,8
35,31,5
35,32,0
35,33,0
35,34,0
35,35,0
35,36,0
35,37,0
35,38,0
35,39,5
35,40,0
35,41,0
35,42,0
35,43,5
35,44,10
35,45,6
35,46,7
35,47,6
35,48,4
35,49,5
35,50,8
35,51,8
35,52,4
35,53,5
35,54,3
35,55,7
35,56,5
35,57,0
35,58,4
35,59,3
35,60,3
35,61,3
35,62,7
35,63,5
35,64,5
35,65,3
35,66,5
35,67,4
35,68,3
35,69,5
35,70,5
35,71,5
35,72,6
35,73,5
35,74,5
35,75,5
35,76,5
35,77,3
35,78,5
35,79,4
35,80,3
35,81,4
35,82,4
35,83,5
35,84,4
35,85,4
35,86,5
35,87,7
35,88,5
35,89,5
35,90,7
35,91,11
35,92,4
35,93,6
35,94,7
35,95,5
35,96,4
35,97,4
35,98,4
35,99,8
35,100,4
35,101,4
35,102,5
35,103,6
35,104,5
35,105,9
35,106,8
35,107,5
35,108,3
35,109,8
35,110,7
35,111,4
35,112,4
35,113,3
35,114,4
35,115,8
35,116,3
35,117,3
35,118,4
35,119,4
35,120,3
35,121,5
35,122,3
35,123,4
35,124,4
35,125,4
35,126,5
35,127,5
35,128,6
35,129,5
35,130,10
35,131,8
35,132,6
35,133,6
35,134,8
35,135,6
35,136,6
35,137,10
35,138,10
35,139,5
35,140,3
35,141,4
35,142,6
35,143,5
35,144,26
35,145,4
35,146,7
35,147,4
35,148,6
35,149,4
35,150,4
35,151,4
35,152,4
35,153,4
35,154,4
35,155,12
35,156,5
35,157,7
35,158,6
35,159,5
35,160,5
35,161,0
35,162,0
35,163,0
35,164,0
35,165,0
35,166,0
35,167,0
35,168,6
35,169,8
35,170,6
35,171,5
35,172,10
35,173,6
35,174,5
35,175,0
35,176,0
35,177,2
35,178,2
35,179,4
35,180,5
35,181,0
35,182,0
35,183,0
35,184,0
35,185,0
35,186,0
35,187,0
35,188,0
35,189,0
35,190,0
35,191,4
35,192,3
35,193,3
35,194,3
35,195,1
35,196,2
35,197,2
36,4,0
36,5,0
36,6,0
36,7,0
36,8,0
36,9,0
36,10,0
36,11,0
36,12,0
36,13,0
36,14,0
36,15,0
36,16,0
36,17,0
36,18,0
36,19,0
36,20,0
36,21,0
36,22,0
36,23,0
36,24,0
36,25,0
36,26,0
36,27,0
36,28,0
36,29,0
36,30,0
36,31,0
36,32,0
36,33,0
36,34,0
36,35,0
36,36,0
36,37,0
36,38,0
36,39,0
36,40,0
36,41,1
36,42,0
36,43,1
36,44,1
36,45,0
36,46,0
36,47,1
36,48,1
36,49,1
36,50,0
36,51,1
36,52,1
36,54,1
36,55,0
36,56,0
36,57,0
36,58,0
36,59,0
36,60,0
36,61,0
36,62,0
36,63,0
36,64,0
36,65,0
36,66,0
36,67,0
36,68,0
36,69,0
36,70,0
36,71,0
36,72,0
36,73,0
36,74,0
36,75,0
36,76,0
36,77,1
36,78,0
36,79,1
36,80,0
36,81,0
36,82,0
36,83,1
36,84,1
36,85,1
36,86,1
36,87,1
36,88,1
36,89,0
36,90,2
36,92,1
36,93,0
36,94,1
36,95,1
36,96,1
36,97,0
36,98,1
36,99,1
36,100,1
36,101,1
36,102,1
36,103,1
36,104,1
36,105,0
36,106,0
36,107,0
36,108,0
36,109,0
36,110,5
36,111,0
36,112,0
36,113,0
36,114,0
36,115,0
36,116,0
36,117,0
36,118,6
36,119,0
36,120,0
36,121,0
36,122,0
36,123,0
36,124,0
36,125,0
36,126,0
36,127,0
36,128,2
36,129,2
36,130,0
36,131,2
36,132,0
36,133,0
36,134,1
36,135,0
36,136,1
36,137,1
36,138,0
36,139,1
36,140,0
36,141,0
36,142,0
36,143,0
36,144,1
36,145,1
36,146,0
36,147,0
36,148,1
36,149,0
36,150,0
36,151,1
36,152,1
36,153,1
36,154,0
36,155,0
36,156,0
36,157,0
36,158,0
36,159,0
36,160,1
36,161,1
36,162,0
36,163,1
36,164,1
36,165,0
36,166,0
36,167,0
36,168,0
36,169,0
36,170,0
36,171,0
36,172,0
36,173,0
36,174,1
36,175,0
36,176,1
36,177,0
36,178,0
36,179,1
36,180,1
36,181,0
36,182,0
36,183,0
36,184,0
36,185,0
36,186,0
36,187,0
36,188,0
36,189,0
36,190,0
36,191,0
36,192,0
36,193,0
36,194,0
36,195,0
36,196,0
36,197,1
37,4,0
37,5,0
37,6,0
37,7,0
37,8,0
37,9,1
37,10,0
37,11,0
37,12,0
37,13,0
37,14,0
37,15,2
37,16,3
37,17,1
37,18,0
37,19,0
37,20,0
37,21,0
37,22,1
37,23,0
37,24,0
37,25,0
37,26,0
37,27,0
37,28,1
37,29,0
37,30,0
37,31,0
37,32,0
37,33,0
37,34,0
37,35,0
37,36,2
37,37,0
37,38,0
37,39,0
37,40,0
37,41,0
37,42,0
37,43,0
37,44,0
37,45,0
37,46,0
37,47,0
37,48,1
37,49,0
37,50,1
37,51,0
37,52,0
37,53,0
37,54,0
37,55,0
37,56,0
37,57,3
37,58,0
37,59,0
37,60,0
37,61,0
37,62,0
37,63,0
37,64,0
37,65,0
37,66,0
37,67,0
37,68,0
37,69,0
37,70,0
37,71,0
37,72,0
37,73,0
37,74,0
37,75,1
37,76,0
37,77,1
37,78,0
37,79,0
37,80,0
37,81,0
37,82,0
37,83,1
37,84,0
37,85,0
37,86,1
37,87,0
37,88,0
37,89,0
37,90,0
37,91,0
37,92,0
37,93,0
37,94,1
37,95,1
37,96,0
37,97,1
37,98,1
37,99,3
37,100,2
37,101,2
37,102,3
37,103,2
37,104,1
37,105,0
37,106,0
37,107,0
37,108,0
37,109,0
37,110,0
37,111,0
37,112,0
37,113,0
37,114,0
37,115,0
37,116,0
37,117,0
37,118,0
37,119,5
37,120,0
37,121,4
37,122,0
37,123,4
37,124,5
37,125,2
37,126,0
37,127,0
37,128,4
37,129,3
37,130,3
37,131,0
37,132,0
37,133,0
37,134,0
37,135,7
37,136,2
37,137,2
37,138,0
37,139,0
37,140,4
37,141,0
37,142,0
37,143,3
37,144,0
37,145,0
37,146,0
37,147,0
37,148,0
37,149,0
37,150,0
37,151,0
37,152,0
37,153,0
37,154,0
37,155,0
37,156,0
37,157,0
37,158,3
37,159,0
37,160,0
37,161,0
37,162,0
37,163,0
37,164,0
37,165,0
37,166,0
37,167,0
37,168,0
37,169,0
37,170,0
37,171,0
37,172,0
37,173,0
37,174,0
37,175,0
37,176,0
37,177,0
37,178,0
37,179,0
37,180,0
37,181,0
37,182,0
37,183,0
37,184,0
37,185,0
37,186,0
37,187,0
37,188,0
37,189,0
37,190,0
37,191,0
37,192,0
37,193,0
37,194,0
37,195,0
37,196,3
37,197,2
38,4,3
38,5,11
38,6,3
38,7,2
38,8,4
38,9,5
38,10,6
38,11,2
38,12,3
38,13,0
38,14,3
38,15,6
38,16,6
38,17,3
38,18,1
38,19,6
38,20,7
38,21,5
38,22,2
38,23,4
38,24,4
38,25,4
38,26,4
38,27,3
38,28,3
38,29,0
38,30,4
38,31,2
38,32,3
38,33,2
38,34,5
38,35,3
38,36,4
38,37,1
38,38,6
38,39,2
38,40,4
38,41,3
38,42,5
38,43,7
38,44,4
38,45,3
38,46,4
38,47,4
38,48,3
38,49,5
38,50,7
38,51,6
38,52,7
38,53,5
38,54,15
38,55,5
38,56,5
38,57,5
38,58,4
38,59,0
38,60,3
38,61,4
38,62,4
38,63,4
38,64,4
38,65,7
38,66,6
38,67,3
38,68,4
38,69,5
38,70,10
38,71,5
38,72,6
38,73,7
38,74,6
38,75,3
38,76,3
38,77,2
38,78,8
38,79,9
38,80,8
38,81,5
38,82,7
38,83,5
38,84,3
38,85,2
38,86,2
38,87,3
38,88,3
38,89,0
38,90,0
38,91,0
38,92,13
38,93,10
38,94,10
38,95,2
38,96,1
38,97,2
38,98,6
38,99,6
38,100,3
38,101,2
38,102,2
38,103,3
38,104,1
38,105,2
38,106,5
38,107,7
38,108,5
38,109,3
38,110,4
38,111,4
38,112,4
38,113,3
38,114,2
38,115,2
38,116,1
38,117,1
38,118,2
38,119,3
38,120,4
38,121,4
38,122,4
38,123,3
38,124,3
38,125,2
38,126,3
38,127,1
38,128,2
38,129,1
38,130,2
38,131,2
38,132,3
38,133,4
38,134,5
38,135,5
38,136,4
38,137,3
38,138,3
38,139,3
38,140,4
38,141,4
38,142,3
38,143,2
38,144,3
38,145,4
38,146,4
38,147,3
38,148,4
38,149,4
38,150,4
38,151,5
38,152,3
38,153,4
38,154,4
38,155,6
38,156,6
38,157,3
38,158,3
38,159,2
38,160,3
38,161,5
38,162,3
38,163,3
38,164,5
38,165,4
38,166,5
38,167,5
38,168,6
38,169,6
38,170,6
38,171,10
38,172,4
38,173,3
38,174,3
38,175,3
38,176,4
38,177,6
38,178,6
38,179,7
38,180,6
38,181,6
38,182,10
38,183,0
38,184,5
38,185,11
38,186,7
38,187,10
38,188,8
38,189,6
38,190,6
38,191,8
38,192,6
38,193,12
38,194,0
38,195,6
38,196,0
38,197,0
39,5,5
39,6,0
39,7,0
39,8,0
39,9,8
39,10,5
39,11,4
39,12,4
39,13,4
39,14,6
39,15,6
39,16,5
39,17,4
39,18,7
39,19,3
39,20,7
39,21,6
39,22,4
39,23,6
39,24,5
39,25,9
39,26,5
39,27,9
39,28,7
39,29,6
39,30,6
39,31,7
39,32,5
39,33,6
39,34,6
39,35,9
39,36,7
39,37,8
39,38,6
39,39,8
39,40,11
39,41,6
39,42,5
39,43,6
39,44,9
39,45,5
39,46,5
39,47,8
39,48,6
39,49,8
39,50,9
39,51,6
39,52,7
39,53,6
39,54,15
39,55,8
39,56,7
39,57,10
39,58,7
39,59,5
39,60,6
39,61,9
39,62,7
39,63,8
39,64,6
39,65,7
39,66,8
39,67,8
39,68,6
39,69,6
39,70,5
39,71,8
39,72,6
39,73,4
39,74,5
39,75,6
39,76,7
39,77,5
39,78,7
39,79,8
39,80,4
39,81,5
39,82,4
39,83,6
39,84,6
39,85,5
39,86,6
39,87,7
39,88,4
39,89,5
39,90,4
39,91,3
39,92,4
39,93,5
39,94,4
39,95,3
39,96,5
39,97,6
39,98,4
39,99,5
39,100,4
39,101,5
39,102,3
39,103,5
39,104,4
39,105,5
39,106,4
39,107,6
39,108,4
39,109,5
39,110,4
39,111,4
39,112,4
39,113,6
39,114,6
39,115,4
39,116,5
39,117,3
39,118,5
39,119,3
39,120,4
39,121,6
39,122,4
39,123,4
39,124,5
39,125,7
39,126,5
39,127,6
39,128,5
39,129,6
39,130,5
39,131,8
39,132,6
39,133,4
39,134,6
39,135,7
39,136,7
39,137,5
39,138,7
39,139,6
39,140,6
39,141,4
39,142,7
39,143,6
39,144,7
39,145,8
39,146,6
39,147,8
39,148,6
39,149,8
39,150,11
39,151,12
39,152,5
39,153,6
39,154,5
39,155,6
39,156,6
39,157,8
39,158,7
39,159,9
39,160,6
39,161,6
39,162,8
39,163,6
39,164,6
39,165,7
39,166,6
39,167,3
39,168,5
39,169,3
39,170,4
39,171,6
39,172,5
39,173,8
39,174,5
39,175,6
39,176,7
39,177,8
39,178,7
39,179,10
39,180,6
39,181,9
39,182,7
39,183,5
39,184,5
39,185,7
39,186,5
39,187,8
39,188,5
39,189,6
39,190,6
39,191,7
39,192,7
39,193,5
39,194,6
39,195,5
39,196,7
39,197,8
40,4,12
40,5,10
40,6,10
40,7,8
40,8,12
40,9,12
40,10,13
40,11,5
40,12,15
40,13,8
40,14,8
40,15,15
40,16,15
40,17,21
40,18,15
40,19,10
40,20,8
40,21,6
40,22,15
40,23,13
40,24,15
40,25,22
40,26,8
40,27,20
40,28,10
40,29,10
40,30,12
40,31,15
40,32,15
40,33,15
40,34,15
40,35,13
40,36,5
40,37,11
40,38,5
40,39,8
40,40,11
40,41,15
40,42,14
40,43,23
40,44,12
40,45,12
40,46,13
40,47,10
40,48,25
40,49,30
40,50,23
40,51,22
40,52,20
40,53,15
40,54,15
40,55,23
40,56,23
40,57,22
40,58,25
40,59,25
40,60,30
40,61,15
40,62,15
40,63,23
40,64,25
40,65,25
40,66,15
40,67,23
40,68,27
40,69,15
40,70,15
40,71,20
40,72,12
40,73,10
40,74,8
40,75,15
40,76,11
40,77,12
40,78,15
40,79,15
40,80,15
40,81,13
40,82,15
40,83,15
40,84,15
40,85,15
40,86,15
40,87,15
40,88,15
40,89,15
40,90,15
40,91,15
40,92,15
40,93,15
40,94,15
40,95,15
40,96,15
40,97,15
40,98,15
40,99,15
40,100,15
40,101,15
40,102,15
40,103,15
40,104,15
40,105,15
40,106,15
40,107,15
40,108,15
40,109,15
40,110,15
40,111,15
40,112,15
40,113,15
40,114,15
40,115,15
40,116,15
40,117,15
40,118,15
40,119,15
40,120,15
40,121,15
40,122,15
40,123,15
40,124,15
40,125,15
40,126,15
40,127,15
40,128,15
40,129,15
40,130,15
40,131,15
40,132,15
40,133,15
40,134,15
40,135,15
40,136,15
40,137,15
40,138,15
40,139,15
40,140,15
40,141,15
40,142,15
40,143,15
40,144,15
40,145,15
40,146,15
40,147,15
40,148,15
40,149,15
40,150,15
40,151,15
40,152,15
40,153,15
40,154,15
40,155,15
40,156,15
40,157,15
40,158,15
40,159,15
40,160,15
40,161,15
40,162,15
40,163,15
40,164,15
40,165,15
40,166,15
40,167,15
40,168,15
40,169,15
40,170,15
40,171,15
40,172,15
40,173,15
40,174,15
40,175,15
40,176,15
40,177,15
40,178,15
40,179,15
40,180,15
40,181,15
40,182,15
40,183,15
40,184,30
40,185,30
40,186,30
40,187,30
40,188,30
40,189,15
40,190,15
40,191,15
40,192,15
40,193,15
40,194,15
40,195,15
40,196,15
40,197,15
41,5,2
41,6,2
41,7,2
41,8,4
41,9,1
41,10,2
41,11,3
41,12,3
41,13,1
41,14,0
41,15,2
41,16,2
41,17,1
41,18,4
41,19,3
41,20,1
41,21,1
41,22,2
41,23,1
41,24,5
41,25,1
41,26,3
41,27,3
41,28,1
41,29,2
41,30,2
41,31,3
41,32,0
41,33,0
41,34,0
41,35,0
41,36,0
41,37,0
41,38,2
41,39,3
41,40,4
41,41,1
41,42,3
41,43,3
41,44,2
41,45,5
41,46,2
41,47,1
41,48,2
41,49,1
41,50,1
41,51,2
41,52,1
41,53,3
41,54,2
41,55,1
41,56,1
41,57,3
41,58,1
41,59,1
41,60,1
41,61,1
41,62,0
41,63,1
41,64,2
41,65,1
41,66,1
41,67,3
41,68,1
41,69,1
41,70,4
41,71,1
41,72,1
41,73,2
41,74,1
41,75,2
41,76,4
41,77,2
41,78,2
41,79,1
41,80,1
41,81,1
41,82,1
41,83,1
41,84,1
41,85,1
41,86,1
41,87,0
41,88,2
41,89,5
41,90,1
41,91,1
41,92,5
41,93,1
41,94,1
41,95,1
41,96,2
41,97,1
41,98,2
41,99,2
41,100,1
41,101,2
41,102,1
41,103,2
41,104,2
41,105,1
41,106,1
41,107,2
41,108,3
41,109,2
41,110,2
41,111,2
41,112,2
41,113,1
41,114,2
41,115,2
41,116,1
41,117,2
41,118,1
41,119,2
41,120,0
41,121,0
41,122,1
41,123,2
41,124,2
41,125,2
41,126,1
41,127,3
41,128,3
41,129,3
41,130,1
41,131,2
41,132,2
41,133,2
41,134,4
41,135,3
41,136,2
41,137,2
41,138,2
41,139,2
41,140,2
41,141,2
41,142,4
41,143,5
41,144,2
41,145,2
41,146,3
41,147,2
41,148,2
41,149,2
41,150,3
41,151,1
41,152,4
41,153,3
41,154,2
41,155,2
41,156,3
41,157,3
41,158,2
41,159,2
41,160,2
41,161,3
41,162,2
41,163,2
41,164,2
41,165,3
41,166,4
41,167,2
41,168,3
41,169,2
41,170,3
41,171,3
41,172,3
41,173,3
41,174,2
41,175,2
41,176,2
41,177,2
41,178,3
41,179,2
41,180,4
41,181,3
41,182,3
41,183,2
41,184,2
41,185,4
41,186,2
41,187,3
41,188,2
41,189,3
41,190,3
41,191,2
41,192,3
41,193,2
41,194,3
41,195,2
41,196,3
41,197,2
42,5,8
42,6,6
42,7,4
42,8,8
42,9,6
42,10,5
42,11,5
42,12,4
42,13,4
42,14,6
42,15,5
42,16,4
42,17,4
42,18,4
42,19,5
42,20,4
42,21,5
42,22,4
42,23,5
42,24,4
42,25,5
42,26,4
42,27,4
42,28,7
42,29,5
42,30,5
42,31,4
42,32,4
42,33,5
42,34,6
42,35,4
42,36,4
42,37,5
42,38,6
42,39,5
42,40,4
42,41,8
42,42,6
42,43,6
42,44,6
42,45,6
42,46,7
42,47,6
42,48,5
42,49,5
42,50,6
42,51,6
42,52,7
42,53,6
42,54,5
42,55,5
42,56,6
42,57,6
42,58,7
42,59,10
42,60,0
42,61,6
42,62,6
42,63,10
42,64,6
42,65,6
42,66,5
42,67,5
42,68,6
42,69,8
42,70,8
42,72,6
42,73,6
42,74,6
42,75,6
42,76,6
42,77,8
42,78,9
42,79,9
42,80,6
42,81,6
42,82,6
42,83,6
42,84,6
42,85,6
42,86,12
42,87,12
42,88,11
42,89,10
42,90,10
42,91,6
42,92,6
42,93,7
42,94,7
42,95,10
42,96,10
42,97,10
42,98,12
42,99,10
42,100,10
42,101,13
42,102,12
42,103,12
42,104,14
42,105,14
42,106,12
42,107,8
42,108,8
42,109,11
42,110,11
42,111,10
42,112,10
42,113,9
42,114,9
42,115,11
42,116,11
42,117,11
42,118,11
42,119,11
42,120,11
42,121,11
42,122,4
42,123,9
42,124,4
42,125,9
42,126,9
42,127,11
42,128,11
42,129,14
42,130,14
42,131,8
42,132,8
42,133,8
42,134,9
42,135,12
42,136,14
42,137,14
42,138,9
42,139,9
42,140,11
42,141,11
42,142,10
42,143,10
42,144,12
42,145,12
42,146,11
42,147,10
42,148,12
42,149,12
42,150,12
42,151,12
42,152,13
42,153,12
42,154,12
42,155,13
42,156,13
42,157,13
42,158,11
42,159,15
42,160,8
42,161,10
42,162,14
42,163,14
42,164,12
42,165,8
42,166,9
42,167,12
42,168,11
42,169,11
42,170,11
42,171,12
42,172,13
42,173,12
42,174,13
42,175,15
42,176,11
42,177,13
42,178,13
42,179,12
42,180,12
42,181,12
42,182,12
42,183,12
42,184,12
42,185,13
42,186,13
42,187,12
42,188,12
42,189,14
42,190,14
42,191,13
42,192,13
42,193,13
42,194,13
42,195,13
42,196,13
42,197,13
43,5,5
43,6,4
43,7,6
43,8,4
43,9,8
43,10,5
43,11,3
43,12,6
43,13,6
43,14,4
43,15,3
43,16,3
43,17,4
43,18,3
43,19,0
43,20,4
43,21,5
43,22,6
43,23,6
43,24,5
43,25,4
43,26,7
43,27,7
43,28,6
43,29,8
43,30,6
43,31,5
43,32,5
43,33,5
43,34,4
43,35,4
43,36,4
43,37,5
43,38,5
43,39,4
43,40,5
43,41,5
43,42,5
43,43,4
43,44,3
43,45,4
43,46,0
43,47,0
43,48,6
43,49,5
43,50,6
43,51,6
43,52,2
43,53,5
43,54,7
43,55,5
43,56,6
43,57,3
43,58,5
43,59,5
43,60,6
43,61,7
43,62,6
43,63,5
43,64,6
43,65,5
43,66,4
43,67,6
43,68,5
43,69,5
43,70,4
43,71,5
43,72,5
43,73,7
43,74,6
43,75,5
43,76,3
43,77,2
43,78,5
43,79,5
43,80,5
43,81,4
43,82,6
43,83,4
43,84,6
43,85,4
43,86,4
43,87,5
43,88,4
43,89,6
43,90,0
43,91,0
43,92,5
43,93,5
43,94,4
43,95,5
43,96,4
43,97,5
43,98,3
43,99,4
43,100,4
43,101,4
43,102,3
43,103,4
43,104,4
43,105,4
43,106,5
43,107,4
43,108,4
43,109,3
43,110,3
43,111,5
43,112,5
43,113,4
43,114,3
43,115,5
43,116,0
43,117,3
43,118,4
43,119,5
43,120,4
43,121,5
43,122,4
43,123,3
43,124,4
43,125,4
43,126,5
43,127,4
43,128,4
43,129,5
43,130,4
43,131,4
43,132,4
43,133,4
43,134,5
43,135,4
43,136,4
43,137,5
43,138,5
43,139,6
43,140,5
43,141,5
43,142,4
43,143,4
43,144,5
43,145,4
43,146,5
43,147,4
43,148,4
43,149,4
43,150,4
43,151,4
43,152,5
43,153,4
43,154,5
43,155,4
43,156,4
43,157,4
43,158,5
43,159,5
43,160,5
43,161,4
43,162,4
43,163,4
43,164,5
43,165,3
43,166,4
43,167,5
43,168,5
43,169,4
43,170,5
43,171,3
43,172,4
43,173,4
43,174,3
43,175,4
43,176,4
43,177,4
43,178,4
43,179,3
43,180,4
43,181,4
43,182,3
43,183,3
43,184,4
43,185,4
43,186,4
43,187,3
43,188,3
43,189,4
43,190,4
43,191,4
43,192,0
43,193,0
43,194,4
43,195,4
43,196,4
43,197,3
44,5,6
44,6,4
44,7,9
44,8,7
44,9,0
44,10,0
44,11,0
44,12,5
44,13,6
44,14,0
44,15,9
44,16,4
44,17,6
44,18,0
44,19,2
44,20,2
44,21,3
44,22,1
44,23,2
44,24,1
44,25,2
44,26,0
44,27,4
44,28,0
44,29,2
44,30,0
44,31,0
44,32,0
44,33,0
44,34,0
44,35,0
44,36,0
44,37,0
44,38,0
44,39,5
44,40,2
44,41,4
44,42,3
44,43,2
44,44,2
44,45,0
44,46,0
44,47,0
44,48,2
44,49,5
44,50,2
44,51,3
44,52,4
44,53,2
44,54,0
44,55,2
44,56,3
44,57,2
44,58,1
44,59,3
44,60,2
44,61,6
44,62,5
44,63,4
44,64,5
44,65,4
44,66,5
44,67,2
44,68,6
44,69,0
44,70,5
44,71,0
44,72,4
44,73,3
44,74,3
44,75,0
44,76,5
44,77,3
44,78,2
44,79,3
44,80,5
44,81,0
44,82,0
44,83,3
44,84,6
44,85,6
44,86,4
44,87,2
44,88,7
44,89,0
44,90,0
44,91,4
44,92,3
44,93,6
44,94,3
44,95,3
44,96,4
44,97,2
44,98,5
44,99,3
44,100,2
44,101,2
44,102,3
44,103,2
44,104,4
44,105,6
44,106,4
44,107,6
44,108,5
44,109,5
44,110,6
44,111,7
44,112,3
44,113,4
44,114,0
44,115,0
44,116,0
44,117,0
44,118,0
44,119,0
44,120,5
44,121,8
44,122,6
44,123,8
44,124,4
44,125,4
44,126,5
44,127,0
44,128,3
44,129,5
44,130,3
44,131,5
44,132,6
44,133,3
44,134,2
44,135,3
44,136,2
44,137,4
44,138,3
44,139,2
44,140,6
44,141,3
44,142,3
44,143,2
44,144,1
44,145,3
44,146,2
44,147,2
44,148,3
44,149,5
44,150,3
44,151,2
44,152,2
44,153,2
44,154,3
44,155,5
44,156,4
44,157,3
44,158,2
44,159,2
44,160,4
44,161,5
44,162,3
44,163,2
44,164,4
44,165,3
44,166,3
44,167,2
44,168,3
44,169,5
44,170,3
44,171,2
44,172,4
44,173,3
44,174,2
44,175,4
44,176,3
44,177,3
44,178,4
44,179,3
44,180,0
44,181,3
44,182,3
44,183,2
44,184,4
44,185,4
44,186,3
44,187,5
44,188,3
44,189,4
44,190,2
44,191,3
44,192,4
44,193,5
44,194,4
44,195,5
44,197,0
45,5,3
45,6,4
45,7,3
45,8,2
45,9,3
45,10,2
45,11,3
45,12,3
45,13,3
45,14,3
45,15,4
45,16,5
45,17,5
45,18,4
45,19,2
45,20,4
45,21,2
45,22,4
45,23,2
45,24,2
45,25,3
45,26,4
45,27,4
45,28,3
45,29,4
45,30,2
45,31,3
45,32,4
45,33,4
45,34,3
45,35,4
45,36,6
45,37,5
45,38,1
45,39,2
45,40,3
45,41,0
45,42,3
45,43,3
45,44,2
45,45,4
45,46,3
45,47,4
45,48,5
45,49,6
45,50,4
45,51,3
45,52,3
45,53,5
45,54,7
45,55,4
45,56,5
45,57,4
45,58,3
45,59,4
45,60,3
45,61,3
45,62,4
45,63,3
45,64,4
45,65,4
45,66,3
45,67,4
45,68,0
45,69,6
45,70,4
45,71,6
45,72,3
45,73,4
45,74,4
45,75,3
45,76,4
45,77,3
45,78,4
45,79,3
45,80,3
45,81,4
45,82,3
45,83,3
45,84,5
45,85,4
45,86,4
45,87,4
45,88,5
45,89,4
45,90,4
45,91,5
45,92,3
45,93,5
45,94,3
45,95,4
45,96,4
45,97,3
45,98,4
45,99,4
45,100,2
45,101,2
45,102,4
45,103,3
45,104,3
45,105,5
45,106,4
45,107,3
45,108,4
45,109,5
45,110,3
45,111,4
45,112,2
45,113,3
45,114,3
45,115,0
45,116,3
45,117,4
45,118,4
45,119,3
45,120,4
45,121,4
45,122,3
45,123,3
45,124,4
45,125,3
45,126,4
45,127,3
45,128,3
45,129,4
45,130,4
45,131,5
45,132,3
45,133,3
45,134,3
45,135,5
45,136,3
45,137,3
45,138,4
45,139,3
45,140,5
45,141,3
45,142,4
45,143,3
45,144,4
45,145,3
45,146,3
45,147,4
45,148,4
45,149,5
45,150,4
45,151,4
45,152,3
45,153,3
45,154,4
45,155,4
45,156,4
45,157,3
45,158,4
45,159,4
45,160,3
45,161,5
45,162,3
45,163,4
45,164,4
45,165,4
45,166,3
45,167,4
45,168,4
45,169,4
45,170,4
45,171,3
45,172,4
45,173,5
45,174,3
45,175,4
45,176,4
45,177,4
45,178,4
45,179,4
45,180,3
45,181,6
45,182,4
45,183,0
45,184,3
45,185,4
45,186,5
45,187,3
45,188,4
45,189,6
45,190,4
45,191,3
45,192,3
45,193,4
45,194,4
45,195,5
45,196,2
45,197,5
46,5,3
46,6,3
46,7,6
46,8,6
46,9,4
46,10,6
46,11,2
46,12,6
46,13,2
46,14,4
46,15,2
46,16,10
46,17,11
46,18,3
46,19,9
46,20,3
46,21,4
46,22,4
46,23,2
46,24,4
46,25,10
46,26,3
46,27,3
46,28,4
46,29,9
46,30,5
46,31,6
46,32,5
46,33,4
46,34,2
46,35,9
46,36,0
46,37,0
46,38,0
46,39,0
46,40,2
46,41,3
46,42,3
46,43,2
46,44,0
46,45,0
46,46,2
46,47,2
46,48,4
46,49,2
46,50,3
46,51,4
46,52,3
46,53,3
46,54,6
46,55,3
46,56,4
46,57,4
46,58,4
46,59,5
46,60,3
46,61,5
46,62,4
46,63,5
46,64,3
46,65,5
46,66,5
46,67,6
46,68,5
46,69,3
46,70,2
46,71,4
46,73,6
46,74,3
46,75,3
46,76,2
46,77,2
46,78,2
46,79,2
46,80,2
46,81,3
46,82,3
46,83,3
46,84,2
46,85,5
46,86,4
46,87,4
46,88,3
46,89,2
46,90,2
46,91,2
46,92,4
46,93,4
46,94,4
46,95,5
46,96,3
46,97,3
46,98,3
46,99,2
46,100,3
46,101,2
46,102,2
46,103,2
46,104,2
46,105,2
46,106,2
46,107,2
46,108,3
46,109,2
46,110,2
46,111,2
46,112,3
46,113,2
46,114,0
46,115,0
46,116,0
46,117,0
46,118,0
46,119,0
46,120,0
46,122,4
46,123,0
46,124,0
46,125,2
46,126,2
46,127,3
46,128,3
46,129,4
46,130,2
46,131,4
46,132,3
46,133,3
46,134,2
46,135,0
46,136,2
46,137,4
46,138,3
46,139,3
46,140,2
46,141,2
46,142,3
46,143,3
46,144,4
46,145,3
46,146,4
46,147,3
46,148,4
46,149,3
46,150,3
46,151,2
46,152,3
46,153,3
46,154,2
46,155,3
46,156,3
46,157,4
46,158,2
46,159,2
46,160,2
46,161,3
46,162,2
46,163,1
46,164,2
46,165,2
46,166,2
46,167,3
46,168,3
46,169,3
46,170,3
46,171,0
46,172,3
46,173,3
46,174,3
46,175,2
46,176,3
46,177,3
46,178,4
46,179,2
46,180,3
46,181,2
46,182,0
46,183,0
46,184,0
46,185,0
46,186,0
46,187,0
46,188,3
46,189,2
46,190,2
46,191,2
46,192,3
46,193,2
46,194,3
46,195,2
46,196,3
46,197,3
47,12,0
47,13,10
47,14,6
47,15,7
47,16,12
47,17,14
47,18,8
47,19,9
47,20,10
47,21,6
47,22,9
47,23,8
47,24,10
47,25,7
47,26,11
47,27,13
47,28,6
47,29,7
47,30,8
47,31,7
47,32,12
47,33,7
47,34,6
47,35,8
47,36,5
47,37,6
47,38,3
47,39,4
47,40,7
47,41,7
47,42,9
47,43,10
47,44,6
47,45,5
47,46,7
47,47,10
47,48,9
47,49,7
47,50,10
47,51,8
47,52,4
47,53,7
47,54,8
47,55,12
47,56,6
47,57,7
47,58,11
47,59,0
47,60,4
47,61,8
47,62,7
47,63,9
47,64,5
47,65,4
47,66,7
47,67,5
47,68,7
47,69,12
47,70,7
47,71,7
47,72,11
47,73,6
47,74,9
47,75,11
47,76,10
47,77,6
47,78,8
47,79,7
47,80,9
47,81,11
47,82,6
47,83,7
47,84,9
47,85,7
47,86,5
47,87,4
47,88,8
47,89,0
47,90,0
47,91,4
47,92,6
47,93,7
47,94,7
47,95,6
47,96,5
47,97,7
47,98,1
47,99,5
47,100,3
47,101,9
47,102,9
47,103,7
47,104,12
47,105,5
47,106,0
47,107,5
47,108,7
47,109,8
47,110,5
47,111,8
47,112,9
47,113,7
47,114,14
47,115,0
47,116,6
47,117,5
47,118,5
47,119,6
47,120,6
47,121,10
47,122,9
47,123,12
47,124,8
47,125,8
47,126,8
47,127,6
47,128,5
47,129,6
47,130,8
47,131,6
47,132,7
47,133,8
47,134,8
47,135,10
47,136,8
47,137,4
47,138,6
47,139,3
47,140,3
47,141,5
47,142,5
47,143,7
47,144,3
47,145,5
47,146,7
47,147,9
47,148,10
47,149,7
47,150,12
47,151,5
47,152,6
47,153,5
47,154,7
47,155,13
47,156,5
47,157,6
47,158,4
47,159,6
47,160,8
47,161,7
47,162,9
47,163,6
47,164,9
47,165,8
47,166,9
47,167,11
47,168,6
47,169,15
47,170,9
47,171,6
47,172,7
47,173,6
47,174,5
47,175,11
47,176,0
47,177,1
47,178,9
47,179,7
47,180,6
47,181,6
47,182,10
47,183,4
47,184,5
47,185,8
47,186,5
47,187,8
47,188,8
47,189,9
47,190,6
47,191,4
47,192,2
47,193,5
47,194,6
47,195,6
47,196,4
47,197,6
48,12,2
48,13,7
48,14,7
48,15,3
48,16,5
48,17,0
48,18,0
48,19,0
48,20,0
48,21,0
48,22,6
48,23,4
48,24,5
48,25,4
48,26,4
48,27,1
48,28,0
48,29,3
48,30,4
48,31,0
48,32,1
48,33,2
48,34,5
48,35,2
48,36,4
48,37,0
48,38,3
48,39,1
48,40,0
48,41,0
48,42,0
48,43,0
48,44,0
48,45,0
48,46,0
48,47,0
48,48,3
48,49,5
48,50,5
48,51,5
48,52,9
48,53,7
48,54,4
48,55,8
48,56,6
48,57,6
48,58,5
48,59,9
48,60,0
48,61,0
48,62,0
48,63,0
48,64,0
48,65,0
48,66,0
48,67,0
48,68,0
48,69,0
48,70,0
48,71,0
48,72,0
48,73,0
48,74,0
48,75,0
48,76,0
48,77,0
48,78,0
48,79,0
48,80,0
48,81,0
48,82,0
48,83,0
48,84,0
48,85,0
48,86,0
48,87,0
48,88,0
48,89,0
48,90,0
48,91,2
48,92,4
48,93,4
48,94,4
48,95,5
48,96,5
48,97,6
48,98,7
48,99,5
48,100,6
48,101,4
48,102,4
48,103,11
48,104,5
48,105,5
48,106,4
48,107,5
48,108,6
48,109,8
48,110,6
48,111,8
48,112,12
48,113,5
48,114,10
48,115,6
48,116,7
48,117,5
48,118,7
48,119,7
48,120,8
48,121,10
48,122,5
48,123,8
48,124,9
48,125,5
48,126,7
48,127,6
48,128,8
48,129,12
48,130,10
48,131,9
48,132,7
48,133,8
48,134,9
48,135,7
48,136,6
48,137,4
48,138,8
48,139,7
48,140,5
48,141,8
48,142,8
48,143,7
48,144,0
48,145,0
48,146,0
48,147,0
48,148,5
48,149,6
48,150,5
48,151,4
48,152,6
48,153,5
48,154,4
48,155,3
48,156,5
48,157,4
48,158,6
48,159,4
48,160,6
48,161,6
48,162,8
48,163,5
48,164,6
48,165,6
48,166,4
48,167,4
48,168,8
48,169,3
48,170,4
48,171,7
48,172,8
48,173,5
48,174,0
48,175,0
48,176,0
48,177,6
48,178,7
48,179,8
48,180,4
48,181,8
48,182,6
48,183,5
48,184,7
48,185,5
48,186,7
48,187,7
48,188,6
48,189,10
48,190,7
48,191,7
48,192,8
48,193,9
48,194,8
48,195,10
48,196,10
48,197,5
49,13,5
49,14,6
49,15,8
49,16,8
49,17,10
49,18,7
49,19,0
49,20,0
49,21,0
49,22,8
49,23,10
49,24,9
49,25,7
49,26,8
49,27,6
49,28,9
49,29,10
49,30,9
49,31,10
49,32,7
49,33,8
49,34,11
49,35,8
49,36,10
49,37,8
49,38,9
49,39,8
49,40,7
49,41,5
49,42,7
49,43,5
49,44,7
49,45,7
49,46,8
49,47,7
49,48,8
49,49,8
49,50,9
49,51,8
49,52,6
49,53,7
49,54,8
49,55,7
49,56,9
49,57,8
49,58,8
49,59,7
49,60,7
49,61,8
49,62,8
49,63,9
49,64,9
49,65,6
49,66,8
49,67,8
49,68,9
49,69,7
49,70,6
49,71,7
49,72,6
49,73,6
49,74,6
49,75,6
49,76,6
49,77,7
49,78,7
49,79,7
49,80,7
49,81,7
49,82,6
49,83,2
49,84,0
49,85,0
49,86,0
49,87,0
49,88,0
49,89,0
49,90,0
49,91,0
49,92,0
49,93,0
49,94,0
49,95,0
49,96,5
49,97,5
49,98,6
49,99,5
49,100,5
49,101,6
49,102,5
49,103,4
49,104,4
49,105,5
49,106,0
49,107,0
49,108,0
49,109,0
49,110,0
49,111,0
49,112,0
49,113,0
49,114,0
49,115,0
49,116,0
49,117,0
49,118,0
49,119,4
49,120,4
49,121,5
49,122,4
49,123,4
49,124,0
49,125,0
49,126,0
49,127,0
49,128,0
49,129,0
49,130,0
49,131,0
49,132,4
49,133,4
49,134,5
49,135,3
49,136,2
49,137,0
49,138,3
49,139,0
49,140,4
49,141,6
49,142,5
49,143,6
49,144,7
49,145,6
49,146,4
49,147,5
49,148,6
49,149,6
49,150,5
49,151,5
49,152,6
49,153,5
49,154,5
49,155,6
49,156,6
49,157,5
49,158,6
49,159,5
49,160,6
49,161,7
49,162,6
49,163,7
49,164,6
49,165,6
49,166,4
49,167,5
49,168,3
49,169,3
49,170,4
49,171,4
49,172,1
49,173,3
49,174,3
49,175,0
49,176,0
49,177,0
49,178,0
49,179,0
49,180,0
49,181,0
49,182,0
49,183,0
49,184,0
49,185,0
49,186,0
49,187,0
49,188,0
49,189,0
49,190,0
49,191,0
49,192,0
49,193,0
49,194,4
49,195,4
49,196,3
49,197,4
50,62,4
50,63,4
50,64,2
50,65,1
50,66,1
50,67,4
50,68,1
50,69,4
50,70,1
50,71,2
50,72,3
50,73,0
50,74,1
50,75,2
50,76,0
50,77,1
50,78,3
50,79,1
50,80,4
50,81,0
50,82,0
50,83,0
50,84,0
50,85,0
50,86,0
50,87,0
50,88,0
50,89,0
50,90,0
50,91,0
50,92,6
50,93,4
50,94,5
50,95,3
50,96,5
50,97,6
50,98,3
50,99,6
50,100,8
50,101,3
50,102,3
50,103,4
50,104,4
50,105,4
50,106,5
50,107,4
50,108,4
50,109,7
50,110,4
50,111,3
50,112,4
50,113,4
50,114,5
50,115,9
50,116,7
50,117,6
50,118,7
50,119,8
50,120,3
50,121,4
50,122,3
50,123,5
50,124,4
50,125,2
50,126,3
50,127,3
50,128,3
50,129,4
50,130,4
50,131,5
50,132,2
50,133,7
50,134,5
50,135,3
50,136,5
50,137,4
50,138,5
50,139,6
50,140,6
50,141,3
50,142,3
50,143,3
50,144,3
50,145,7
50,146,0
50,147,3
50,148,5
50,149,8
50,150,6
50,151,6
50,152,7
50,153,6
50,154,7
50,155,5
50,156,6
50,157,6
50,158,8
50,159,6
50,160,6
50,161,3
50,162,6
50,163,5
50,164,5
50,165,5
50,166,6
50,167,4
50,168,5
50,169,4
50,170,5
50,171,6
50,172,6
50,173,5
50,174,4
50,175,6
50,176,6
50,177,6
50,178,4
50,179,0
50,180,0
50,181,0
50,182,7
50,183,0
50,184,0
50,185,0
50,186,0
50,187,0
50,188,4
50,189,3
50,190,5
50,191,4
50,192,5
50,193,3
50,194,4
50,195,2
50,196,2
50,197,2
