"pharm","day","packets.daily"
1,1,17
1,2,15
1,3,15
1,4,22
1,5,25
1,6,4
1,7,4
1,8,17
1,9,11
1,10,16
1,11,0
1,12,14
1,13,7
1,14,0
1,15,11
1,16,35
1,17,20
1,18,14
1,19,0
1,20,0
1,21,10
1,22,7
1,23,5
1,24,9
1,25,10
1,26,9
1,27,10
1,28,7
1,29,5
1,30,7
1,31,8
1,32,0
1,33,10
1,34,5
1,35,9
1,36,6
1,37,0
1,38,0
1,39,6
1,40,20
1,41,12
1,42,8
1,43,13
1,44,0
1,45,5
1,46,10
1,47,7
1,48,12
1,49,13
1,50,8
1,51,14
1,52,18
1,53,17
1,54,13
1,55,10
1,56,28
1,57,14
1,58,10
1,59,8
1,60,13
1,61,13
1,62,16
1,63,12
1,64,14
1,65,13
1,66,5
1,67,12
1,68,12
1,69,3
1,70,17
1,71,11
1,72,14
1,73,1
1,74,0
1,75,0
1,76,14
1,77,10
1,78,18
1,79,9
1,80,8
1,81,0
1,82,16
1,83,3
1,84,0
1,85,0
1,86,0
1,87,0
1,88,0
1,89,0
1,90,0
1,91,0
1,92,24
1,93,15
1,94,12
1,95,13
1,96,0
1,97,11
1,98,15
1,99,14
1,100,6
1,101,0
1,102,0
1,103,0
1,104,0
1,105,0
1,106,0
1,107,0
1,108,0
1,109,0
1,110,0
1,111,24
1,112,20
1,113,17
1,114,14
1,115,7
1,116,12
1,117,10
1,118,14
1,119,7
1,120,15
1,121,17
1,122,7
1,123,18
1,124,13
1,125,6
1,126,9
1,127,20
1,128,17
1,129,11
1,130,12
1,131,19
1,132,10
1,133,12
1,134,11
1,135,17
1,136,7
1,137,11
1,138,9
1,139,16
1,140,12
1,141,15
1,142,13
1,143,24
1,144,16
1,145,14
1,146,13
1,147,16
1,148,18
1,149,18
1,150,12
1,151,17
1,152,11
1,153,12
1,154,7
1,155,9
1,156,17
1,157,8
1,158,13
1,159,25
1,160,10
1,161,19
1,162,16
1,163,15
1,164,12
1,165,11
1,166,13
1,167,15
1,168,21
1,169,19
1,170,14
1,171,15
1,172,18
1,173,0
1,174,0
1,175,0
1,176,0
1,177,0
1,178,0
1,179,3
1,180,0
1,181,0
1,182,0
1,183,0
1,184,0
1,185,0
1,186,0
1,187,0
1,188,0
1,189,0
1,190,0
1,191,0
1,192,9
1,193,24
1,194,17
1,195,14
1,196,19
1,197,13
2,1,8
2,2,10
2,3,14
2,4,10
2,5,15
2,6,11
2,7,8
2,8,13
2,9,5
2,10,12
2,11,17
2,12,14
2,13,17
2,14,14
2,15,16
2,16,9
2,17,12
2,18,10
2,19,3
2,20,0
2,21,0
2,22,3
2,23,4
2,24,5
2,25,18
2,26,5
2,27,10
2,28,6
2,29,15
2,30,7
2,31,0
2,32,24
2,33,4
2,34,7
2,35,8
2,36,10
2,37,4
2,38,8
2,39,34
2,40,33
2,41,6
2,42,21
2,43,18
2,44,20
2,45,12
2,46,37
2,47,21
2,48,9
2,49,12
2,50,21
2,51,10
2,52,6
2,53,11
2,54,13
2,55,7
2,56,2
2,57,12
2,58,8
2,59,6
2,60,8
2,61,22
2,62,12
2,63,14
2,64,6
2,65,1
2,66,0
2,67,0
2,68,0
2,69,6
2,70,0
2,71,0
2,72,5
2,73,10
2,74,2
2,75,7
2,76,4
2,77,10
2,78,3
2,79,9
2,80,5
2,81,6
2,82,7
2,83,13
2,84,29
2,85,30
2,86,20
2,87,9
2,88,13
2,89,3
2,90,30
2,91,5
2,92,9
2,93,6
2,94,26
2,95,12
2,96,15
2,97,14
2,98,6
2,99,8
2,100,8
2,101,24
2,102,14
2,103,11
2,104,8
2,105,19
2,106,13
2,107,8
2,108,5
2,109,12
2,110,16
2,111,17
2,112,0
2,113,0
2,114,0
2,115,0
2,116,0
2,117,0
2,118,0
2,119,0
2,120,0
2,121,0
2,122,12
2,123,7
2,124,14
2,125,11
2,126,8
2,127,6
2,128,6
2,129,4
2,130,7
2,131,1
2,132,0
2,133,11
2,134,2
2,135,1
2,136,5
2,137,7
2,138,6
2,139,10
2,140,14
2,141,17
2,142,8
2,143,6
2,144,6
2,145,8
2,146,11
2,147,9
2,148,11
2,149,5
2,150,20
2,151,17
2,152,20
2,153,16
2,154,12
2,155,11
2,156,14
2,157,6
2,158,11
2,159,11
2,160,12
2,161,8
2,162,4
2,163,34
2,164,16
2,165,12
2,166,25
2,167,17
2,168,12
2,169,14
2,170,8
2,171,5
2,172,15
2,173,6
2,174,6
2,175,17
2,176,14
2,177,9
2,178,10
2,179,27
2,180,10
2,181,8
2,182,44
2,183,0
2,184,0
2,185,0
2,186,0
2,187,0
2,188,0
2,189,0
2,190,11
2,191,11
2,192,10
2,193,13
2,194,7
2,195,9
2,196,9
2,197,2
3,1,20
3,2,25
3,3,37
3,4,23
3,5,19
3,6,23
3,7,25
3,8,40
3,9,19
3,10,27
3,11,13
3,12,18
3,13,16
3,14,22
3,15,17
3,16,24
3,17,20
3,18,14
3,19,15
3,20,11
3,21,0
3,22,23
3,23,0
3,24,20
3,25,11
3,26,12
3,27,18
3,28,13
3,29,17
3,30,12
3,31,20
3,32,19
3,33,9
3,34,0
3,35,16
3,36,13
3,37,14
3,38,0
3,39,17
3,40,19
3,41,17
3,42,58
3,43,36
3,44,26
3,45,39
3,46,22
3,47,27
3,48,24
3,49,19
3,50,15
3,51,24
3,52,16
3,53,15
3,54,10
3,55,11
3,56,15
3,57,11
3,58,22
3,59,19
3,60,12
3,61,37
3,62,11
3,63,19
3,65,13
3,66,20
3,67,24
3,68,57
3,69,0
3,70,0
3,71,27
3,72,21
3,73,22
3,74,12
3,75,10
3,76,10
3,77,16
3,78,31
3,79,11
3,80,33
3,81,30
3,82,8
3,83,32
3,84,20
3,85,30
3,86,17
3,87,27
3,88,21
3,89,21
3,90,9
3,91,18
3,92,21
3,93,27
3,94,16
3,95,27
3,96,20
3,97,27
3,98,18
3,99,26
3,100,26
3,101,13
3,102,28
3,103,27
3,104,44
3,105,16
3,106,21
3,107,17
3,108,25
3,109,12
3,110,17
3,111,18
3,112,22
3,113,27
3,114,16
3,115,29
3,116,0
3,117,0
3,118,0
3,119,14
3,120,28
3,121,20
3,122,13
3,123,21
3,124,14
3,125,19
3,126,23
3,127,23
3,128,20
3,129,27
3,130,27
3,131,17
3,132,18
3,133,41
3,134,21
3,135,23
3,136,18
3,137,24
3,138,11
3,139,19
3,140,39
3,141,11
3,142,15
3,143,19
3,144,0
3,145,0
3,146,17
3,147,12
3,148,9
3,149,16
3,150,17
3,151,25
3,152,15
3,153,17
3,154,8
3,155,21
3,156,17
3,157,14
3,158,15
3,159,14
3,160,18
3,161,21
3,162,15
3,163,17
3,164,19
3,165,15
3,166,17
3,167,22
3,168,17
3,169,16
3,170,12
3,171,22
3,172,9
3,173,0
3,174,0
3,175,0
3,176,0
3,177,0
3,178,17
3,179,24
3,180,25
3,181,34
3,182,29
3,183,0
3,184,9
3,185,16
3,186,25
3,187,22
3,188,28
3,189,10
3,190,21
3,191,26
3,192,17
3,193,23
3,194,13
3,195,29
3,196,10
3,197,19
4,1,3
4,2,4
4,3,7
4,4,11
4,5,2
4,6,2
4,7,6
4,8,8
4,9,5
4,10,6
4,11,4
4,12,7
4,13,9
4,14,2
4,15,17
4,16,4
4,17,4
4,18,6
4,19,10
4,20,7
4,21,14
4,22,9
4,23,4
4,24,10
4,25,11
4,26,6
4,27,9
4,28,21
4,29,5
4,30,8
4,31,14
4,32,4
4,33,6
4,34,14
4,35,10
4,36,7
4,37,13
4,38,3
4,39,6
4,40,5
4,41,4
4,42,11
4,43,7
4,44,9
4,45,4
4,46,3
4,47,4
4,48,5
4,49,3
4,50,10
4,51,5
4,52,4
4,53,3
4,54,3
4,55,4
4,56,11
4,57,4
4,58,4
4,59,3
4,60,11
4,61,4
4,62,15
4,63,4
4,64,4
4,65,4
4,66,4
4,67,8
4,68,2
4,69,6
4,70,8
4,71,4
4,72,5
4,73,6
4,74,6
4,75,4
4,76,6
4,77,4
4,78,8
4,79,5
4,80,6
4,81,4
4,82,8
4,83,5
4,84,6
4,85,8
4,86,6
4,87,4
4,88,6
4,89,9
4,90,5
4,91,6
4,92,11
4,93,8
4,94,4
4,95,5
4,96,10
4,97,5
4,98,8
4,99,6
4,100,6
4,101,6
4,102,14
4,103,4
4,104,8
4,105,8
4,106,7
4,107,5
4,108,3
4,109,5
4,110,6
4,111,2
4,112,4
4,113,4
4,114,8
4,115,10
4,116,10
4,117,7
4,118,8
4,119,7
4,120,4
4,121,4
4,122,7
4,123,6
4,124,6
4,125,5
4,126,2
4,127,5
4,128,4
4,129,7
4,130,8
4,131,8
4,132,3
4,133,3
4,134,5
4,135,6
4,136,3
4,137,2
4,138,5
4,139,8
4,140,9
4,141,1
4,142,4
4,143,4
4,144,3
4,145,2
4,146,3
4,147,8
4,148,5
4,149,7
4,150,4
4,151,4
4,152,9
4,153,12
4,154,6
4,155,6
4,156,6
4,157,4
4,158,4
4,159,8
4,160,9
4,161,4
4,162,4
4,163,8
4,164,6
4,165,8
4,166,4
4,167,3
4,168,4
4,169,8
4,170,10
4,171,4
4,172,4
4,173,6
4,174,8
4,175,2
4,176,4
4,177,4
4,178,4
4,179,4
4,180,4
4,181,8
4,182,6
4,183,3
4,184,8
4,185,6
4,186,14
4,187,8
4,188,4
4,189,4
4,190,4
4,191,6
4,192,6
4,193,3
4,194,2
4,195,4
4,196,6
4,197,7
5,1,15
5,2,15
5,3,10
5,4,10
5,5,2
5,6,5
5,7,10
5,8,11
5,9,10
5,10,10
5,11,15
5,12,10
5,13,15
5,14,0
5,15,10
5,16,15
5,17,10
5,18,0
5,19,10
5,20,0
5,21,0
5,22,26
5,23,15
5,24,10
5,25,11
5,26,12
5,27,10
5,28,7
5,29,3
5,30,0
5,31,0
5,32,0
5,33,0
5,34,0
5,35,0
5,36,0
5,37,0
5,38,0
5,39,12
5,40,7
5,41,7
5,42,4
5,43,10
5,44,0
5,45,0
5,46,9
5,47,5
5,48,0
5,49,0
5,50,10
5,51,5
5,52,10
5,53,0
5,54,11
5,55,9
5,56,9
5,57,0
5,58,5
5,59,5
5,60,0
5,61,7
5,62,0
5,63,8
5,64,0
5,65,0
5,66,10
5,67,0
5,68,0
5,69,8
5,70,5
5,71,7
5,72,8
5,73,10
5,74,8
5,75,8
5,76,0
5,77,6
5,78,7
5,79,0
5,80,10
5,81,0
5,82,12
5,83,7
5,84,11
5,85,4
5,86,11
5,87,12
5,88,8
5,89,8
5,90,7
5,91,9
5,92,14
5,93,15
5,94,15
5,95,12
5,96,16
5,97,10
5,98,3
5,99,5
5,100,10
5,101,8
5,102,7
5,103,9
5,104,0
5,105,18
5,106,12
5,107,14
5,108,22
5,109,26
5,110,14
5,111,15
5,112,0
5,113,0
5,114,0
5,115,0
5,116,0
5,117,0
5,118,0
5,119,16
5,120,13
5,121,9
5,122,8
5,123,10
5,124,9
5,125,14
5,126,9
5,127,12
5,128,14
5,129,9
5,130,10
5,131,11
5,132,11
5,133,14
5,134,9
5,135,12
5,136,9
5,137,0
5,138,0
5,139,12
5,140,12
5,141,29
5,142,28
5,143,17
5,144,8
5,145,11
5,146,12
5,147,12
5,148,14
5,149,14
5,150,16
5,151,0
5,152,11
5,153,9
5,154,0
5,155,11
5,156,8
5,157,24
5,158,10
5,159,8
5,160,14
5,161,12
5,162,14
5,163,15
5,164,11
5,165,0
5,166,0
5,167,18
5,168,13
5,169,10
5,170,17
5,171,9
5,172,9
5,173,12
5,174,10
5,175,8
5,176,8
5,177,5
5,178,0
5,179,0
5,180,0
5,181,0
5,182,0
5,183,0
5,184,0
5,185,0
5,186,0
5,187,0
5,188,14
5,189,12
5,190,8
5,191,14
5,192,13
5,193,9
5,194,7
5,195,11
5,196,11
5,197,5
6,1,18
6,2,12
6,3,11
6,4,11
6,5,13
6,6,23
6,7,12
6,8,22
6,9,13
6,10,12
6,11,12
6,12,14
6,13,16
6,14,11
6,15,15
6,16,13
6,17,12
6,18,13
6,19,8
6,20,11
6,21,11
6,22,14
6,23,10
6,24,8
6,25,10
6,26,11
6,27,13
6,28,8
6,29,9
6,30,7
6,31,11
6,32,7
6,33,11
6,34,8
6,35,7
6,36,9
6,37,6
6,38,8
6,39,11
6,40,8
6,41,11
6,42,13
6,43,13
6,44,12
6,45,8
6,46,12
6,47,9
6,48,13
6,49,8
6,50,18
6,51,12
6,52,9
6,53,8
6,54,11
6,55,9
6,56,15
6,57,13
6,58,7
6,59,8
6,60,8
6,61,10
6,62,7
6,63,17
6,64,9
6,65,9
6,66,7
6,67,17
6,68,7
6,69,7
6,70,9
6,71,9
6,72,10
6,73,11
6,74,6
6,75,8
6,76,8
6,77,7
6,78,8
6,79,5
6,80,8
6,81,6
6,82,9
6,83,6
6,84,10
6,85,8
6,86,11
6,87,9
6,88,12
6,89,9
6,90,11
6,91,10
6,92,10
6,93,7
6,94,8
6,95,9
6,96,11
6,97,11
6,98,15
6,99,8
6,100,8
6,101,9
6,102,6
6,103,7
6,104,9
6,105,9
6,106,5
6,107,8
6,108,0
6,109,0
6,110,10
6,111,12
6,112,10
6,113,9
6,114,9
6,115,7
6,116,5
6,117,7
6,118,10
6,119,9
6,120,9
6,121,10
6,122,6
6,123,9
6,124,8
6,125,6
6,126,8
6,127,8
6,128,13
6,129,11
6,130,10
6,131,10
6,132,8
6,133,7
6,134,8
6,135,6
6,136,13
6,137,8
6,138,4
6,139,7
6,140,10
6,141,9
6,142,9
6,143,6
6,144,10
6,145,5
6,146,6
6,147,9
6,148,9
6,149,9
6,150,12
6,151,8
6,152,8
6,153,13
6,154,6
6,155,7
6,156,6
6,157,9
6,158,8
6,159,11
6,160,9
6,161,9
6,162,7
6,163,12
6,164,7
6,165,14
6,166,5
6,167,8
6,168,7
6,169,12
6,170,6
6,171,12
6,172,4
6,173,8
6,174,10
6,175,0
6,176,0
6,177,0
6,178,0
6,179,6
6,180,7
6,181,7
6,182,8
6,183,8
6,184,10
6,185,10
6,186,9
6,187,9
6,188,9
6,189,4
6,190,9
6,191,13
6,192,7
6,193,9
6,194,6
6,195,6
6,196,7
6,197,10
7,1,5
7,2,8
7,3,6
7,4,3
7,5,0
7,6,3
7,7,5
7,8,10
7,9,2
7,10,4
7,11,7
7,12,12
7,13,19
7,14,8
7,15,5
7,16,2
7,17,24
7,18,4
7,19,4
7,20,10
7,21,11
7,22,0
7,23,9
7,24,5
7,25,5
7,26,15
7,27,11
7,28,5
7,29,13
7,30,0
7,31,0
7,32,9
7,33,10
7,34,5
7,35,6
7,36,7
7,37,9
7,38,4
7,39,10
7,40,8
7,41,19
7,42,3
7,43,4
7,44,3
7,45,0
7,46,6
7,47,8
7,48,4
7,49,0
7,50,1
7,51,8
7,52,8
7,53,11
7,54,13
7,55,5
7,56,9
7,57,0
7,58,0
7,59,0
7,60,0
7,61,0
7,62,11
7,63,7
7,64,5
7,65,3
7,66,2
7,67,3
7,68,3
7,69,5
7,70,6
7,71,7
7,72,2
7,73,4
7,74,2
7,75,3
7,76,3
7,77,2
7,78,6
7,79,3
7,80,2
7,81,5
7,82,4
7,83,3
7,84,5
7,85,0
7,86,3
7,87,3
7,88,6
7,89,1
7,90,1
7,91,1
7,92,8
7,93,5
7,94,9
7,95,9
7,96,8
7,97,12
7,98,18
7,99,9
7,100,9
7,101,6
7,102,4
7,103,11
7,104,11
7,105,8
7,106,9
7,107,5
7,108,9
7,109,2
7,110,3
7,111,4
7,112,13
7,113,25
7,114,4
7,115,0
7,116,7
7,117,17
7,118,3
7,119,3
7,120,3
7,121,5
7,122,5
7,123,3
7,124,2
7,125,1
7,126,3
7,127,1
7,128,0
7,129,0
7,130,7
7,131,4
7,132,2
7,133,2
7,134,0
7,135,0
7,136,0
7,137,0
7,138,0
7,139,0
7,140,0
7,141,0
7,142,0
7,143,0
7,144,0
7,145,0
7,146,0
7,147,0
7,148,0
7,149,0
7,150,0
7,151,0
7,152,0
7,153,0
7,154,0
7,155,0
7,156,0
7,157,0
7,158,0
7,159,16
7,160,16
7,161,4
7,162,4
7,163,2
7,164,2
7,165,2
7,166,3
7,167,2
7,168,3
7,169,3
7,170,3
7,171,0
7,172,2
7,173,3
7,174,2
7,175,4
7,176,0
7,177,3
7,178,2
7,179,4
7,180,2
7,181,0
7,182,0
7,183,11
7,184,1
7,185,5
7,186,4
7,187,6
7,188,3
7,189,2
7,190,4
7,191,3
7,192,3
7,193,2
7,194,4
7,195,4
7,196,4
7,197,2
8,1,8
8,2,9
8,3,17
8,4,14
8,5,38
8,6,6
8,7,16
8,8,17
8,9,21
8,10,12
8,11,33
8,12,8
8,13,7
8,14,18
8,15,12
8,16,8
8,17,9
8,18,11
8,19,4
8,20,11
8,21,6
8,22,3
8,23,4
8,24,13
8,25,9
8,26,4
8,27,3
8,28,7
8,29,8
8,30,2
8,31,7
8,32,10
8,33,9
8,34,10
8,35,12
8,36,11
8,37,13
8,38,10
8,39,5
8,40,29
8,41,12
8,42,10
8,43,6
8,44,3
8,45,2
8,46,3
8,47,8
8,48,16
8,49,11
8,50,22
8,51,14
8,52,9
8,53,12
8,54,36
8,55,12
8,56,10
8,57,9
8,58,9
8,59,5
8,60,9
8,61,11
8,62,12
8,63,12
8,64,8
8,65,5
8,66,8
8,67,16
8,68,16
8,69,22
8,70,4
8,71,4
8,72,5
8,73,7
8,74,10
8,75,20
8,76,18
8,77,11
8,78,6
8,79,3
8,80,3
8,81,4
8,82,5
8,83,6
8,84,10
8,85,28
8,86,15
8,87,5
8,88,11
8,89,6
8,90,5
8,91,4
8,92,5
8,93,10
8,94,7
8,95,63
8,96,6
8,97,11
8,98,9
8,99,10
8,100,17
8,101,2
8,102,5
8,103,5
8,104,6
8,105,15
8,106,5
8,107,5
8,108,9
8,109,8
8,110,7
8,111,8
8,112,4
8,113,8
8,114,5
8,115,8
8,116,7
8,117,3
8,118,5
8,119,3
8,120,3
8,121,3
8,122,4
8,123,4
8,124,5
8,125,4
8,126,2
8,127,3
8,128,4
8,129,8
8,130,3
8,131,25
8,132,8
8,133,5
8,134,4
8,135,5
8,136,6
8,137,3
8,138,6
8,139,3
8,140,3
8,141,2
8,142,3
8,143,4
8,144,1
8,145,3
8,146,1
8,147,6
8,148,3
8,149,1
8,150,2
8,151,6
8,152,21
8,153,4
8,154,4
8,155,2
8,156,3
8,157,2
8,158,2
8,159,2
8,160,3
8,161,5
8,162,3
8,163,5
8,164,5
8,165,5
8,166,7
8,167,5
8,168,2
8,169,3
8,170,6
8,171,4
8,172,4
8,173,6
8,174,3
8,175,3
8,176,7
8,177,3
8,178,7
8,179,3
8,180,3
8,181,5
8,182,6
8,183,3
8,184,3
8,185,5
8,186,3
8,187,2
8,188,4
8,189,5
8,190,6
8,191,5
8,192,1
8,193,5
8,194,5
8,195,3
8,196,2
8,197,4
9,1,42
9,2,27
9,3,32
9,4,20
9,5,16
9,6,20
9,7,14
9,8,21
9,9,21
9,10,24
9,11,24
9,12,47
9,13,18
9,14,20
9,15,26
9,16,20
9,17,13
9,18,12
9,19,19
9,20,32
9,21,19
9,22,38
9,23,17
9,24,29
9,25,20
9,26,13
9,27,23
9,28,33
9,29,18
9,30,15
9,31,18
9,32,40
9,33,12
9,34,17
9,35,15
9,36,17
9,37,11
9,38,8
9,39,17
9,40,49
9,41,42
9,42,29
9,43,14
9,44,12
9,45,15
9,46,31
9,47,35
9,48,29
9,49,26
9,50,11
9,51,22
9,52,29
9,53,21
9,54,16
9,55,30
9,56,35
9,57,28
9,58,27
9,59,27
9,60,25
9,61,31
9,62,26
9,63,20
9,64,22
9,65,29
9,66,33
9,67,28
9,68,29
9,69,24
9,70,19
9,71,26
9,72,31
9,73,22
9,74,23
9,75,33
9,76,23
9,77,23
9,78,26
9,79,24
9,80,32
9,81,29
9,82,39
9,83,31
9,84,31
9,85,32
9,86,20
9,87,28
9,88,26
9,89,46
9,90,26
9,91,20
9,92,26
9,93,16
9,94,30
9,95,21
9,96,25
9,97,27
9,98,28
9,99,42
9,100,17
9,101,18
9,102,20
9,103,26
9,104,23
9,105,25
9,106,30
9,107,29
9,108,31
9,109,29
9,110,24
9,111,33
9,112,19
9,113,50
9,114,38
9,115,24
9,116,23
9,117,24
9,118,17
9,119,17
9,120,21
9,121,15
9,122,20
9,123,30
9,124,31
9,125,25
9,126,29
9,127,18
9,128,34
9,129,27
9,130,18
9,131,36
9,132,20
9,133,19
9,134,24
9,135,36
9,136,39
9,137,29
9,138,25
9,139,32
9,140,26
9,141,20
9,142,26
9,143,19
9,144,32
9,145,20
9,146,44
9,147,18
9,148,28
9,149,12
9,150,29
9,151,21
9,152,25
9,153,42
9,154,23
9,155,19
9,156,21
9,157,22
9,158,26
9,159,23
9,160,44
9,161,34
9,162,20
9,163,63
9,164,24
9,165,54
9,166,28
9,167,21
9,168,40
9,169,24
9,170,29
9,171,22
9,172,28
9,173,37
9,174,30
9,175,39
9,176,26
9,177,30
9,178,38
9,179,20
9,180,32
9,181,25
9,182,38
9,183,13
9,184,27
9,185,22
9,186,15
9,187,19
9,188,21
9,189,16
9,190,16
9,191,8
9,192,16
9,193,19
9,194,22
9,195,25
9,196,23
9,197,32
10,1,16
10,2,20
10,3,14
10,4,16
10,5,14
10,6,15
10,7,18
10,8,15
10,9,18
10,10,18
10,11,15
10,12,18
10,13,18
10,14,16
10,15,11
10,16,20
10,17,17
10,18,17
10,19,15
10,20,12
10,21,12
10,22,12
10,23,12
10,24,10
10,25,16
10,26,12
10,27,19
10,28,12
10,29,14
10,30,17
10,31,17
10,32,19
10,33,15
10,34,16
10,35,15
10,36,15
10,37,18
10,38,14
10,39,11
10,40,18
10,41,10
10,42,11
10,43,15
10,44,15
10,45,0
10,46,14
10,47,13
10,48,17
10,49,16
10,50,18
10,51,14
10,52,17
10,53,18
10,54,10
10,55,15
10,56,16
10,57,13
10,58,14
10,59,15
10,60,20
10,61,13
10,62,13
10,63,14
10,64,16
10,65,14
10,66,13
10,67,17
10,68,15
10,69,14
10,70,13
10,71,12
10,72,16
10,73,15
10,74,12
10,75,13
10,76,8
10,77,13
10,78,15
10,79,11
10,80,13
10,81,14
10,82,14
10,83,11
10,84,11
10,85,9
10,86,10
10,87,13
10,88,7
10,89,7
10,90,7
10,91,9
10,92,5
10,93,8
10,94,8
10,95,8
10,96,10
10,97,9
10,98,6
10,99,8
10,100,7
10,101,7
10,102,10
10,103,10
10,104,9
10,105,8
10,106,9
10,107,9
10,108,8
10,109,0
10,110,8
10,111,7
10,112,6
10,113,8
10,114,5
10,115,0
10,116,0
10,117,8
10,118,7
10,119,7
10,120,5
10,121,7
10,122,6
10,123,3
10,124,7
10,125,6
10,126,6
10,127,5
10,128,5
10,129,7
10,130,0
10,131,0
10,132,0
10,133,0
10,134,0
10,135,0
10,136,0
10,137,0
10,138,0
10,139,0
10,140,5
10,141,7
10,142,7
10,143,6
10,144,5
10,145,8
10,146,4
10,147,10
10,148,6
10,149,6
10,150,6
10,151,6
10,152,6
10,153,7
10,154,6
10,155,7
10,156,7
10,157,11
10,158,8
10,159,9
10,160,7
10,161,6
10,162,0
10,163,0
10,164,0
10,165,0
10,166,0
10,167,2
10,168,4
10,169,5
10,170,6
10,171,4
10,172,6
10,173,6
10,174,5
10,175,5
10,176,5
10,177,5
10,178,5
10,179,6
10,180,5
10,181,0
10,182,0
10,183,0
10,184,0
10,185,0
10,186,3
10,187,8
10,188,5
10,189,7
10,190,8
10,191,5
10,192,5
10,193,5
10,194,6
10,195,6
10,196,5
10,197,9
11,1,8
11,2,16
11,3,22
11,4,20
11,5,0
11,6,15
11,7,24
11,8,16
11,9,12
11,10,26
11,11,10
11,12,28
11,13,8
11,14,12
11,15,7
11,16,12
11,17,4
11,18,10
11,19,0
11,20,23
11,21,9
11,22,7
11,23,15
11,24,26
11,25,18
11,26,20
11,27,14
11,28,10
11,29,12
11,30,12
11,31,13
11,32,21
11,33,7
11,34,15
11,35,10
11,36,23
11,37,4
11,38,6
11,39,6
11,40,21
11,41,26
11,42,9
11,43,28
11,44,6
11,45,6
11,46,6
11,47,6
11,48,13
11,49,23
11,50,14
11,51,10
11,52,10
11,53,19
11,54,18
11,55,29
11,56,15
11,57,14
11,58,18
11,59,0
11,60,14
11,61,18
11,62,15
11,63,13
11,64,10
11,65,11
11,66,26
11,67,23
11,68,6
11,69,11
11,70,7
11,71,13
11,72,18
11,73,13
11,74,8
11,75,18
11,76,21
11,77,11
11,78,7
11,79,16
11,80,10
11,81,18
11,82,18
11,83,13
11,84,13
11,85,18
11,86,17
11,87,15
11,88,13
11,89,11
11,90,21
11,91,23
11,92,13
11,93,28
11,94,12
11,95,17
11,96,15
11,97,18
11,98,13
11,99,16
11,100,17
11,101,27
11,102,16
11,103,8
11,104,13
11,105,15
11,106,19
11,107,25
11,108,12
11,109,14
11,110,9
11,111,14
11,112,19
11,113,19
11,114,20
11,115,0
11,116,18
11,117,16
11,118,15
11,119,12
11,120,21
11,121,16
11,122,10
11,123,15
11,124,15
11,125,12
11,126,18
11,127,13
11,128,0
11,129,15
11,130,16
11,131,15
11,132,15
11,133,16
11,134,12
11,135,15
11,136,20
11,137,15
11,138,14
11,139,10
11,140,21
11,141,12
11,142,17
11,143,16
11,144,12
11,145,25
11,146,28
11,147,15
11,148,14
11,149,17
11,150,14
11,151,17
11,152,15
11,153,12
11,154,16
11,155,13
11,156,15
11,157,21
11,158,14
11,159,23
11,160,10
11,161,11
11,162,9
11,163,8
11,164,10
11,165,12
11,166,13
11,167,17
11,168,14
11,169,14
11,170,7
11,171,11
11,172,14
11,173,12
11,174,17
11,175,17
11,176,19
11,177,12
11,178,16
11,179,17
11,180,10
11,181,15
11,182,16
11,183,13
11,184,11
11,185,0
11,186,0
11,187,0
11,188,0
11,189,0
11,190,6
11,191,12
11,192,11
11,193,11
11,194,10
11,195,11
11,196,14
11,197,7
12,1,22
12,2,24
12,3,20
12,4,28
12,5,33
12,6,36
12,7,18
12,8,20
12,9,28
12,10,15
12,11,20
12,12,20
12,13,15
12,14,22
12,15,20
12,16,11
12,17,32
12,18,12
12,19,9
12,20,0
12,21,10
12,22,22
12,23,10
12,24,15
12,25,12
12,26,20
12,27,25
12,28,20
12,29,17
12,30,21
12,31,9
12,32,10
12,33,16
12,34,12
12,35,13
12,36,15
12,37,12
12,38,10
12,39,8
12,40,15
12,41,15
12,42,10
12,43,13
12,44,10
12,45,0
12,46,10
12,47,22
12,48,35
12,49,18
12,50,28
12,51,22
12,52,15
12,53,30
12,54,20
12,55,20
12,56,42
12,57,20
12,58,11
12,59,10
12,60,37
12,61,25
12,62,15
12,63,21
12,64,15
12,65,25
12,66,15
12,67,25
12,68,15
12,69,15
12,70,25
12,71,15
12,72,20
12,73,17
12,74,20
12,75,20
12,76,25
12,77,22
12,78,12
12,79,15
12,80,15
12,81,15
12,82,15
12,83,18
12,84,14
12,85,20
12,86,15
12,87,23
12,88,17
12,89,30
12,90,15
12,91,31
12,92,25
12,93,22
12,94,20
12,95,17
12,96,10
12,97,20
12,98,20
12,99,21
12,100,20
12,101,25
12,102,22
12,103,14
12,104,15
12,105,24
12,106,10
12,107,22
12,108,25
12,109,30
12,110,10
12,111,22
12,112,26
12,113,15
12,114,22
12,115,14
12,116,18
12,117,20
12,118,18
12,119,15
12,120,9
12,121,22
12,122,15
12,123,25
12,124,16
12,125,20
12,126,16
12,127,18
12,128,12
12,129,23
12,130,15
12,131,25
12,132,15
12,133,12
12,134,19
12,135,20
12,136,0
12,137,0
12,138,16
12,139,14
12,140,34
12,141,25
12,142,13
12,143,14
12,144,12
12,145,12
12,146,11
12,147,11
12,148,15
12,149,11
12,150,24
12,151,23
12,152,19
12,153,18
12,154,13
12,155,7
12,156,8
12,157,12
12,158,15
12,159,14
12,160,18
12,161,11
12,162,11
12,163,13
12,164,12
12,165,23
12,166,6
12,167,18
12,168,9
12,169,14
12,170,10
12,171,15
12,172,10
12,173,7
12,174,8
12,175,14
12,176,13
12,177,14
12,178,7
12,179,4
12,180,14
12,181,10
12,182,21
12,183,5
12,184,13
12,185,21
12,186,13
12,187,21
12,188,10
12,189,12
12,190,11
12,191,7
12,192,7
12,193,9
12,194,8
12,195,9
12,196,9
12,197,13
13,1,0
13,2,0
13,3,0
13,4,0
13,5,0
13,6,0
13,7,9
13,8,6
13,9,4
13,10,12
13,11,10
13,12,4
13,13,5
13,14,3
13,15,4
13,16,10
13,17,9
13,18,4
13,19,7
13,20,3
13,21,0
13,22,0
13,23,0
13,24,0
13,25,0
13,26,0
13,27,0
13,28,0
13,29,0
13,30,0
13,31,0
13,32,0
13,33,3
13,34,3
13,35,6
13,36,6
13,37,3
13,38,6
13,39,15
13,40,10
13,41,10
13,42,3
13,43,10
13,44,6
13,45,3
13,46,6
13,47,9
13,48,15
13,49,15
13,50,10
13,51,6
13,52,3
13,53,10
13,54,6
13,55,10
13,56,45
13,57,10
13,58,15
13,59,0
13,60,36
13,61,15
13,62,10
13,63,15
13,64,0
13,65,0
13,66,0
13,67,10
13,68,1
13,69,10
13,70,10
13,71,15
13,72,6
13,73,10
13,74,3
13,75,10
13,76,6
13,77,3
13,78,10
13,79,1
13,80,6
13,81,0
13,82,10
13,83,6
13,84,3
13,85,3
13,86,0
13,87,0
13,88,0
13,89,0
13,90,0
13,91,6
13,92,1
13,93,10
13,94,3
13,95,3
13,96,1
13,97,1
13,98,15
13,99,1
13,100,3
13,101,6
13,102,3
13,103,0
13,104,1
13,105,6
13,106,1
13,107,3
13,108,3
13,109,3
13,110,1
13,111,35
13,112,3
13,113,1
13,114,3
13,115,5
13,116,15
13,117,10
13,118,6
13,119,6
13,120,6
13,121,0
13,122,0
13,123,0
13,124,0
13,125,0
13,126,0
13,127,0
13,128,0
13,129,6
13,130,6
13,131,10
13,132,6
13,133,3
13,134,6
13,135,6
13,136,3
13,137,1
13,138,6
13,139,6
13,140,3
13,141,10
13,142,3
13,143,10
13,144,3
13,145,6
13,146,6
13,147,15
13,148,6
13,149,15
13,150,10
13,151,15
13,152,6
13,153,3
13,154,15
13,155,10
13,156,10
13,157,6
13,158,3
13,159,6
13,160,6
13,161,21
13,162,3
13,163,0
13,164,0
13,165,0
13,166,0
13,167,0
13,168,0
13,169,0
13,170,0
13,171,0
13,172,3
13,173,6
13,174,15
13,175,6
13,176,6
13,177,10
13,178,15
13,179,10
13,180,21
13,181,10
13,182,6
13,183,15
13,184,36
13,185,39
13,186,28
13,187,21
13,188,15
13,189,10
13,190,6
13,191,10
13,192,6
13,193,10
13,194,3
13,195,15
13,196,6
13,197,15
14,1,36
14,2,13
14,3,43
14,4,24
14,5,28
14,6,19
14,7,0
14,8,12
14,9,21
14,10,28
14,11,54
14,12,15
14,13,9
14,14,0
14,15,0
14,16,0
14,17,0
14,18,0
14,19,0
14,20,0
14,21,0
14,22,0
14,23,9
14,24,0
14,25,12
14,26,0
14,27,0
14,28,0
14,29,0
14,30,0
14,31,0
14,32,0
14,33,0
14,34,0
14,35,0
14,36,7
14,37,0
14,38,17
14,39,12
14,40,6
14,41,6
14,42,15
14,43,0
14,44,0
14,45,0
14,46,0
14,47,0
14,48,0
14,49,0
14,50,0
14,51,0
14,52,0
14,53,11
14,54,9
14,55,7
14,56,7
14,57,13
14,58,5
14,59,10
14,60,10
14,61,0
14,62,0
14,63,0
14,64,0
14,65,0
14,66,0
14,67,0
14,68,0
14,69,0
14,70,0
14,71,3
14,72,7
14,73,10
14,74,0
14,75,0
14,76,0
14,77,0
14,78,0
14,79,0
14,80,0
14,81,0
14,82,0
14,83,0
14,84,0
14,85,0
14,86,0
14,87,0
14,88,0
14,89,0
14,90,0
14,91,0
14,92,0
14,93,2
14,94,3
14,95,2
14,96,3
14,97,1
14,98,3
14,99,3
14,100,2
14,101,4
14,102,4
14,103,3
14,104,2
14,105,3
14,106,1
14,107,3
14,108,3
14,109,2
14,110,3
14,111,0
14,112,4
14,113,0
14,114,3
14,115,1
14,116,2
14,117,2
14,118,2
14,119,3
14,120,4
14,121,6
14,122,2
14,123,3
14,124,3
14,125,7
14,126,5
14,127,5
14,128,3
14,129,0
14,130,3
14,131,3
14,132,2
14,133,3
14,134,2
14,135,5
14,136,5
14,137,5
14,138,4
14,139,0
14,140,0
14,141,5
14,142,3
14,143,0
14,144,0
14,145,3
14,146,4
14,147,0
14,148,5
14,149,0
14,150,0
14,151,0
14,152,3
14,153,4
14,154,2
14,155,4
14,156,4
14,157,4
14,158,2
14,159,5
14,160,3
14,161,3
14,162,4
14,163,2
14,164,3
14,165,4
14,166,2
14,167,3
14,168,4
14,169,3
14,170,4
14,171,3
14,172,2
14,173,4
14,174,3
14,175,3
14,176,3
14,177,0
14,178,0
14,179,5
14,180,3
14,181,4
14,182,3
14,183,3
14,184,5
14,185,4
14,186,7
14,187,5
14,188,5
14,189,3
14,190,3
14,191,6
14,192,6
14,193,5
14,194,4
14,195,3
14,196,4
14,197,6
15,1,12
15,2,11
15,3,0
15,4,9
15,5,14
15,6,3
15,7,3
15,8,5
15,9,6
15,10,10
15,11,5
15,12,7
15,13,0
15,14,8
15,15,4
15,16,3
15,17,6
15,18,4
15,19,6
15,20,3
15,21,3
15,22,3
15,23,66
15,24,8
15,25,13
15,26,4
15,27,5
15,28,5
15,29,5
15,30,5
15,31,21
15,32,8
15,33,2
15,34,12
15,35,4
15,36,3
15,37,23
15,38,0
15,39,0
15,40,0
15,41,0
15,42,0
15,43,0
15,44,0
15,45,6
15,46,3
15,47,2
15,48,5
15,49,9
15,50,25
15,51,6
15,52,3
15,53,13
15,54,3
15,55,3
15,56,14
15,57,6
15,60,10
15,61,5
15,62,25
15,63,13
15,64,17
15,65,7
15,66,7
15,67,28
15,68,8
15,69,0
15,70,0
15,71,5
15,72,0
15,73,5
15,74,0
15,75,9
15,76,3
15,77,1
15,78,15
15,79,5
15,80,5
15,81,4
15,82,1
15,83,5
15,84,5
15,85,6
15,86,0
15,87,23
15,88,6
15,89,0
15,90,17
15,91,0
15,92,3
15,93,3
15,94,0
15,95,9
15,96,2
15,97,3
15,98,4
15,99,1
15,100,4
15,101,3
15,102,2
15,103,3
15,104,5
15,105,10
15,106,3
15,107,3
15,108,0
15,109,5
15,110,0
15,111,0
15,112,0
15,113,4
15,114,0
15,115,3
15,116,0
15,117,5
15,118,0
15,119,12
15,120,0
15,121,3
15,122,0
15,123,7
15,124,0
15,125,0
15,126,0
15,127,0
15,128,0
15,129,0
15,130,13
15,131,0
15,132,3
15,133,11
15,134,0
15,135,3
15,136,0
15,137,3
15,138,0
15,139,6
15,140,5
15,141,2
15,142,0
15,143,7
15,144,7
15,145,4
15,146,0
15,147,4
15,148,4
15,149,27
15,150,30
15,151,5
15,152,0
15,153,27
15,154,11
15,155,3
15,156,2
15,157,0
15,158,4
15,159,0
15,160,4
15,161,0
15,162,25
15,163,2
15,164,0
15,165,4
15,166,9
15,167,3
15,168,0
15,169,3
15,170,0
15,171,3
15,172,3
15,173,4
15,174,0
15,175,3
15,176,0
15,177,3
15,178,0
15,179,0
15,180,4
15,181,2
15,182,0
15,183,0
15,184,0
15,185,0
15,186,30
15,187,8
15,188,5
15,189,3
15,190,7
15,191,13
15,192,0
15,193,8
15,194,7
15,195,3
15,196,5
15,197,5
16,1,10
16,2,7
16,3,7
16,4,10
16,5,17
16,6,13
16,7,21
16,8,17
16,9,5
16,10,20
16,11,14
16,12,10
16,13,11
16,14,11
16,15,10
16,16,22
16,17,17
16,18,12
16,19,11
16,20,10
16,21,15
16,22,8
16,23,15
16,24,22
16,25,17
16,26,11
16,27,13
16,28,21
16,29,16
16,30,12
16,31,14
16,32,15
16,33,8
16,34,0
16,35,14
16,36,14
16,37,8
16,38,6
16,39,10
16,40,11
16,41,11
16,42,17
16,43,14
16,44,11
16,45,14
16,46,7
16,47,8
16,48,10
16,49,10
16,50,13
16,51,11
16,52,16
16,53,7
16,54,13
16,55,14
16,56,10
16,57,11
16,58,13
16,59,12
16,60,13
16,61,15
16,62,15
16,63,13
16,64,14
16,65,14
16,66,22
16,67,16
16,68,10
16,69,6
16,70,0
16,71,7
16,72,6
16,73,12
16,74,10
16,75,6
16,76,6
16,77,7
16,78,8
16,79,11
16,80,14
16,81,10
16,82,8
16,83,9
16,84,9
16,85,13
16,86,10
16,87,10
16,88,6
16,89,11
16,90,8
16,91,11
16,92,15
16,93,13
16,94,7
16,95,9
16,96,7
16,97,10
16,98,8
16,99,7
16,100,19
16,101,13
16,102,10
16,103,9
16,104,9
16,105,8
16,106,10
16,107,8
16,108,8
16,109,6
16,110,10
16,111,9
16,112,12
16,113,6
16,114,0
16,115,0
16,116,0
16,117,0
16,118,0
16,119,0
16,120,11
16,121,8
16,122,11
16,123,8
16,124,10
16,125,6
16,126,10
16,127,6
16,128,7
16,129,8
16,130,9
16,131,8
16,132,4
16,133,7
16,134,8
16,135,8
16,136,5
16,137,7
16,138,7
16,139,5
16,140,5
16,141,6
16,142,8
16,143,7
16,144,7
16,145,7
16,146,8
16,147,6
16,148,6
16,149,8
16,150,6
16,151,8
16,152,5
16,153,5
16,154,6
16,155,7
16,156,5
16,157,9
16,158,10
16,159,7
16,160,5
16,161,7
16,162,7
16,163,9
16,164,8
16,165,8
16,166,8
16,167,9
16,168,6
16,169,10
16,170,14
16,171,10
16,172,8
16,173,9
16,174,7
16,175,10
16,176,8
16,177,5
16,178,8
16,179,7
16,180,6
16,181,9
16,182,0
16,183,0
16,184,0
16,185,0
16,186,8
16,187,7
16,188,10
16,189,9
16,190,12
16,191,7
16,192,8
16,193,5
16,194,6
16,195,4
16,196,6
16,197,5
17,1,0
17,2,0
17,3,0
17,4,0
17,5,0
17,6,0
17,7,0
17,8,0
17,9,0
17,10,0
17,11,0
17,12,10
17,13,9
17,14,10
17,15,8
17,16,17
17,17,17
17,18,14
17,19,16
17,20,7
17,21,0
17,22,10
17,23,11
17,24,15
17,25,14
17,26,15
17,27,17
17,28,10
17,29,3
17,30,12
17,31,8
17,32,9
17,33,15
17,34,12
17,35,10
17,36,11
17,37,10
17,38,13
17,39,17
17,40,24
17,41,15
17,42,13
17,43,13
17,44,9
17,45,12
17,46,13
17,47,12
17,48,25
17,49,20
17,50,27
17,51,18
17,52,30
17,53,24
17,54,23
17,55,28
17,56,20
17,57,26
17,58,17
17,59,13
17,60,18
17,61,31
17,62,29
17,63,26
17,64,23
17,65,32
17,66,31
17,67,26
17,68,22
17,69,29
17,70,23
17,71,27
17,72,21
17,73,11
17,74,16
17,75,16
17,76,19
17,77,42
17,78,27
17,79,14
17,80,25
17,81,13
17,82,15
17,83,22
17,84,17
17,85,14
17,86,22
17,87,28
17,88,23
17,89,31
17,90,21
17,91,33
17,92,24
17,93,25
17,94,29
17,95,14
17,96,15
17,97,15
17,98,18
17,99,15
17,100,15
17,101,13
17,102,19
17,103,9
17,104,14
17,105,15
17,106,14
17,107,13
17,108,3
17,109,9
17,110,15
17,111,0
17,112,0
17,113,0
17,114,0
17,115,0
17,116,0
17,117,0
17,118,15
17,119,9
17,120,13
17,121,19
17,122,15
17,123,10
17,124,14
17,125,13
17,126,11
17,127,13
17,128,3
17,129,9
17,130,9
17,131,16
17,132,9
17,133,9
17,134,13
17,135,0
17,136,0
17,137,0
17,138,0
17,139,16
17,140,9
17,141,9
17,142,16
17,143,12
17,144,9
17,145,16
17,146,13
17,147,17
17,148,0
17,149,13
17,150,25
17,151,18
17,152,18
17,153,19
17,154,16
17,155,19
17,156,17
17,157,25
17,158,18
17,159,18
17,160,15
17,161,26
17,162,31
17,163,31
17,164,8
17,165,13
17,166,12
17,167,0
17,168,10
17,169,22
17,170,10
17,171,6
17,172,4
17,173,24
17,174,13
17,175,15
17,176,15
17,177,0
17,178,0
17,179,0
17,180,0
17,181,0
17,182,0
17,183,0
17,184,0
17,185,0
17,186,0
17,187,0
17,188,0
17,189,0
17,190,0
17,191,0
17,192,9
17,193,11
17,194,17
17,195,13
17,196,14
17,197,12
18,1,0
18,2,0
18,3,26
18,4,21
18,5,43
18,6,17
18,7,25
18,8,19
18,9,28
18,10,26
18,11,0
18,12,0
18,13,0
18,14,0
18,15,24
18,16,12
18,17,13
18,18,11
18,19,12
18,20,19
18,21,10
18,22,20
18,23,43
18,24,31
18,25,21
18,26,16
18,27,26
18,28,23
18,29,14
18,30,11
18,31,16
18,32,22
18,33,9
18,34,17
18,35,14
18,36,15
18,37,0
18,38,0
18,39,0
18,40,0
18,41,0
18,42,0
18,43,0
18,44,0
18,45,0
18,46,35
18,47,15
18,48,14
18,49,13
18,50,14
18,51,16
18,52,13
18,53,13
18,54,26
18,55,24
18,56,12
18,57,20
18,58,28
18,59,27
18,60,11
18,61,13
18,62,32
18,63,20
18,64,12
18,65,26
18,66,14
18,67,18
18,68,31
18,69,26
18,70,10
18,71,17
18,72,17
18,73,22
18,74,20
18,75,0
18,76,0
18,77,22
18,78,18
18,79,20
18,80,21
18,81,18
18,82,27
18,83,15
18,84,23
18,85,16
18,86,19
18,87,21
18,88,27
18,89,0
18,90,13
18,91,14
18,92,17
18,93,20
18,94,20
18,95,24
18,96,15
18,97,20
18,98,26
18,99,15
18,100,18
18,101,22
18,102,15
18,103,20
18,104,10
18,105,0
18,106,0
18,107,23
18,108,22
18,109,20
18,110,14
18,111,32
18,112,17
18,113,24
18,114,25
18,115,17
18,116,14
18,117,16
18,118,19
18,119,18
18,120,14
18,121,17
18,122,24
18,123,18
18,124,20
18,125,18
18,126,33
18,127,20
18,128,23
18,129,21
18,130,22
18,131,30
18,132,17
18,133,26
18,134,41
18,135,20
18,136,25
18,137,24
18,138,30
18,139,18
18,140,30
18,141,21
18,142,26
18,143,22
18,144,28
18,145,18
18,146,14
18,147,37
18,148,32
18,149,30
18,150,29
18,151,21
18,152,22
18,153,25
18,154,23
18,155,27
18,156,25
18,157,20
18,158,26
18,159,41
18,160,30
18,161,42
18,162,25
18,163,22
18,164,27
18,165,35
18,166,23
18,167,23
18,168,30
18,169,19
18,170,16
18,171,25
18,172,24
18,173,29
18,174,42
18,175,20
18,176,44
18,177,29
18,178,0
18,179,0
18,180,0
18,181,0
18,182,0
18,183,0
18,184,0
18,185,0
18,186,0
18,187,0
18,188,0
18,189,0
18,190,0
18,191,0
18,192,0
18,193,0
18,194,0
18,195,0
18,196,0
18,197,0
19,1,10
19,2,19
19,3,15
19,4,22
19,5,25
19,6,13
19,7,17
19,8,18
19,9,16
19,10,14
19,11,19
19,12,15
19,13,15
19,14,18
19,15,14
19,16,34
19,17,18
19,18,20
19,19,20
19,20,29
19,21,35
19,22,32
19,23,27
19,24,21
19,25,16
19,26,31
19,27,12
19,28,70
19,29,16
19,30,14
19,31,17
19,32,21
19,33,17
19,34,20
19,35,28
19,36,13
19,37,7
19,38,10
19,39,19
19,40,26
19,41,12
19,42,10
19,43,10
19,44,10
19,45,12
19,46,25
19,47,34
19,48,13
19,49,14
19,50,19
19,51,15
19,52,16
19,53,14
19,54,17
19,55,13
19,56,13
19,57,13
19,58,14
19,59,9
19,60,21
19,61,30
19,62,17
19,63,13
19,64,15
19,65,13
19,66,11
19,67,12
19,68,24
19,69,15
19,70,17
19,71,13
19,72,15
19,73,8
19,74,7
19,75,9
19,76,11
19,77,11
19,78,9
19,79,8
19,80,8
19,81,8
19,82,7
19,83,8
19,84,9
19,85,8
19,86,9
19,87,9
19,88,8
19,89,13
19,90,13
19,91,11
19,92,11
19,93,8
19,94,13
19,95,12
19,96,15
19,97,11
19,98,18
19,99,13
19,100,13
19,101,8
19,102,10
19,103,9
19,104,9
19,105,32
19,106,22
19,107,13
19,108,15
19,109,11
19,110,31
19,111,12
19,112,13
19,113,34
19,114,26
19,115,31
19,116,31
19,117,25
19,118,24
19,119,27
19,120,33
19,121,16
19,122,19
19,123,16
19,124,26
19,125,41
19,126,13
19,127,14
19,128,20
19,129,19
19,130,8
19,131,18
19,132,16
19,133,15
19,134,9
19,135,5
19,136,7
19,137,8
19,138,7
19,139,27
19,140,8
19,141,8
19,142,5
19,143,7
19,144,6
19,145,6
19,146,7
19,147,10
19,148,8
19,149,11
19,150,9
19,151,9
19,152,14
19,153,11
19,154,12
19,155,8
19,156,7
19,157,10
19,158,10
19,159,9
19,160,9
19,161,7
19,162,15
19,163,14
19,164,13
19,165,10
19,166,9
19,167,7
19,168,8
19,169,7
19,170,14
19,171,14
19,172,5
19,173,9
19,174,8
19,175,11
19,176,12
19,177,9
19,178,13
19,179,12
19,180,11
19,181,15
19,182,10
19,183,10
19,184,13
19,185,13
19,186,12
19,187,13
19,188,11
19,189,11
19,190,21
19,191,13
19,192,9
19,193,18
19,194,8
19,195,11
19,196,8
19,197,14
20,1,15
20,2,10
20,3,16
20,4,17
20,5,20
20,6,24
20,7,22
20,8,18
20,9,14
20,10,22
20,11,27
20,12,0
20,13,13
20,14,18
20,15,0
20,16,0
20,17,0
20,18,0
20,19,0
20,20,0
20,21,29
20,22,9
20,23,6
20,24,0
20,25,0
20,26,0
20,27,0
20,28,0
20,29,0
20,30,0
20,31,0
20,32,5
20,33,0
20,34,20
20,35,26
20,36,5
20,37,22
20,38,15
20,39,15
20,40,0
20,41,0
20,42,0
20,43,0
20,44,0
20,45,0
20,46,23
20,47,25
20,48,29
20,49,12
20,50,13
20,51,26
20,52,16
20,53,19
20,54,21
20,55,30
20,56,28
20,57,17
20,58,18
20,59,18
20,60,19
20,61,7
20,62,9
20,63,5
20,64,5
20,65,11
20,66,16
20,67,0
20,68,20
20,69,9
20,70,27
20,71,28
20,72,58
20,73,59
20,74,55
20,75,30
20,76,27
20,77,34
20,78,43
20,79,52
20,80,59
20,81,140
20,82,78
20,83,23
20,84,52
20,85,121
20,86,85
20,87,46
20,88,64
20,89,2
20,90,0
20,91,0
20,92,0
20,93,4
20,94,4
20,95,7
20,96,13
20,97,5
20,98,27
20,99,17
20,100,15
20,101,10
20,102,5
20,103,2
20,104,12
20,105,9
20,106,11
20,107,13
20,108,7
20,109,15
20,110,11
20,111,16
20,112,17
20,113,18
20,114,17
20,115,16
20,116,31
20,117,8
20,118,18
20,119,9
20,120,6
20,121,13
20,122,10
20,123,6
20,124,10
20,125,7
20,126,8
20,127,7
20,128,8
20,129,13
20,130,52
20,131,44
20,132,62
20,133,9
20,134,16
20,135,13
20,136,19
20,137,7
20,138,5
20,139,8
20,140,4
20,141,25
20,142,19
20,143,17
20,144,9
20,145,24
20,146,8
20,147,24
20,148,6
20,149,6
20,150,6
20,151,11
20,152,9
20,153,9
20,154,10
20,155,14
20,156,9
20,157,10
20,158,9
20,159,11
20,160,11
20,161,17
20,162,12
20,163,11
20,164,14
20,165,10
20,166,16
20,167,8
20,168,8
20,169,5
20,170,5
20,171,6
20,172,6
20,173,15
20,174,3
20,175,0
20,176,84
20,177,28
20,178,50
20,179,4
20,180,4
20,181,3
20,182,5
20,183,6
20,184,5
20,185,6
20,186,3
20,187,6
20,188,6
20,189,6
20,190,4
20,191,6
20,192,4
20,193,6
20,194,8
20,195,12
20,196,4
20,197,5
21,1,10
21,2,11
21,3,24
21,4,14
21,5,18
21,6,15
21,7,28
21,8,18
21,9,13
21,10,17
21,11,14
21,12,11
21,13,25
21,14,19
21,15,24
21,16,16
21,17,19
21,18,18
21,19,14
21,20,17
21,21,29
21,22,16
21,23,8
21,24,42
21,25,19
21,26,30
21,27,18
21,28,15
21,29,17
21,30,13
21,31,18
21,32,23
21,33,18
21,34,19
21,35,11
21,36,13
21,37,17
21,38,8
21,39,11
21,40,14
21,41,12
21,42,20
21,43,12
21,44,11
21,45,8
21,46,18
21,47,17
21,48,13
21,49,13
21,50,17
21,51,22
21,52,37
21,53,21
21,54,11
21,55,15
21,56,20
21,57,12
21,58,14
21,59,23
21,60,24
21,61,18
21,62,18
21,63,19
21,64,15
21,65,12
21,66,13
21,67,11
21,68,25
21,69,19
21,70,14
21,71,18
21,72,12
21,73,30
21,74,17
21,75,25
21,76,13
21,77,16
21,78,16
21,79,25
21,80,27
21,81,19
21,82,36
21,83,16
21,84,16
21,85,31
21,86,29
21,87,22
21,88,13
21,89,20
21,90,31
21,91,15
21,92,15
21,93,21
21,94,15
21,95,24
21,96,16
21,97,18
21,98,15
21,99,15
21,100,14
21,101,14
21,102,9
21,103,15
21,104,10
21,105,21
21,106,21
21,107,22
21,108,19
21,109,21
21,110,16
21,111,13
21,112,19
21,113,14
21,114,14
21,115,13
21,116,13
21,117,13
21,118,12
21,119,19
21,120,13
21,121,13
21,122,14
21,123,14
21,124,18
21,125,31
21,126,15
21,127,21
21,128,17
21,129,10
21,130,18
21,131,16
21,132,16
21,133,11
21,134,15
21,135,14
21,136,12
21,137,15
21,138,10
21,139,13
21,140,16
21,141,16
21,142,22
21,143,10
21,144,14
21,145,12
21,146,20
21,147,18
21,148,13
21,149,14
21,150,15
21,151,13
21,152,19
21,153,20
21,154,11
21,155,12
21,156,13
21,157,16
21,158,10
21,159,11
21,160,9
21,161,10
21,162,12
21,163,13
21,164,9
21,165,12
21,166,12
21,167,17
21,168,12
21,169,19
21,170,13
21,171,14
21,172,12
21,173,13
21,174,11
21,175,20
21,176,17
21,177,13
21,178,16
21,179,19
21,180,19
21,181,14
21,182,22
21,183,19
21,184,25
21,185,20
21,186,23
21,187,13
21,188,20
21,189,28
21,190,15
21,191,13
21,192,17
21,193,12
21,194,14
21,195,15
21,196,15
21,197,14
22,2,7
22,3,27
22,4,46
22,5,9
22,6,29
22,7,7
22,8,10
22,9,7
22,10,16
22,11,6
22,12,14
22,13,17
22,14,7
22,15,18
22,16,6
22,17,12
22,18,10
22,19,0
22,20,5
22,21,4
22,22,4
22,23,8
22,24,14
22,25,8
22,26,6
22,27,16
22,28,6
22,29,9
22,30,9
22,31,13
22,32,10
22,33,10
22,34,4
22,35,6
22,36,8
22,37,13
22,38,8
22,39,7
22,40,8
22,41,8
22,42,9
22,43,8
22,44,6
22,45,11
22,46,10
22,47,14
22,48,10
22,49,10
22,50,30
22,51,30
22,52,9
22,53,13
22,54,13
22,55,9
22,56,18
22,57,30
22,58,12
22,59,8
22,60,12
22,61,12
22,62,7
22,63,11
22,64,13
22,65,12
22,66,14
22,67,17
22,68,10
22,69,10
22,70,11
22,71,9
22,72,13
22,73,11
22,74,13
22,75,10
22,76,14
22,77,11
22,78,12
22,79,11
22,80,10
22,81,16
22,82,17
22,83,34
22,84,14
22,85,26
22,86,32
22,87,9
22,88,10
22,89,8
22,90,8
22,91,13
22,92,13
22,93,10
22,94,11
22,95,14
22,96,10
22,97,10
22,98,11
22,99,13
22,100,13
22,101,14
22,102,7
22,103,16
22,104,15
22,105,14
22,106,17
22,107,12
22,108,12
22,109,11
22,110,10
22,111,9
22,112,11
22,113,13
22,114,14
22,115,10
22,116,10
22,117,17
22,118,15
22,119,15
22,120,15
22,121,15
22,122,13
22,123,10
22,124,17
22,125,17
22,126,10
22,127,13
22,128,11
22,129,13
22,130,12
22,131,12
22,132,17
22,133,12
22,134,14
22,135,13
22,136,16
22,138,15
22,139,11
22,140,14
22,141,23
22,142,17
22,143,16
22,144,17
22,145,23
22,146,29
22,147,18
22,148,17
22,149,11
22,150,19
22,151,28
22,152,28
22,153,15
22,154,13
22,155,14
22,156,12
22,157,18
22,158,11
22,159,18
22,160,9
22,161,14
22,162,19
22,163,23
22,164,27
22,165,14
22,166,15
22,167,16
22,168,0
22,169,0
22,170,0
22,171,0
22,172,0
22,173,0
22,174,0
22,175,0
22,176,0
22,177,0
22,178,0
22,179,0
22,180,0
22,181,0
22,182,0
22,183,6
22,184,10
22,185,7
22,186,12
22,187,7
22,188,9
22,189,13
22,190,16
22,191,18
22,192,19
22,193,8
22,194,13
22,195,17
22,196,10
22,197,15
23,2,0
23,3,93
23,4,65
23,5,19
23,6,84
23,7,151
23,8,27
23,9,51
23,10,98
23,11,99
23,12,104
23,13,61
23,14,100
23,15,65
23,16,95
23,17,131
23,18,109
23,19,93
23,20,80
23,21,7
23,22,87
23,23,73
23,24,66
23,25,113
23,26,57
23,27,148
23,28,66
23,29,85
23,30,23
23,31,110
23,32,78
23,33,66
23,34,70
23,35,48
23,36,80
23,37,65
23,38,20
23,39,57
23,40,98
23,41,55
23,42,59
23,43,61
23,44,84
23,45,58
23,46,75
23,47,56
23,48,67
23,49,72
23,50,60
23,51,87
23,52,47
23,53,72
23,54,76
23,55,65
23,56,82
23,57,69
23,58,63
23,59,80
23,60,0
23,61,143
23,62,65
23,63,0
23,64,0
23,65,0
23,66,0
23,67,0
23,68,0
23,69,35
23,70,65
23,71,106
23,72,26
23,73,37
23,74,41
23,75,69
23,76,43
23,77,60
23,78,61
23,79,0
23,80,0
23,81,0
23,82,0
23,83,50
23,84,0
23,85,0
23,86,32
23,87,53
23,88,51
23,89,64
23,90,0
23,91,0
23,92,0
23,93,0
23,94,0
23,95,0
23,96,0
23,97,0
23,98,0
23,99,58
23,100,68
23,101,76
23,102,64
23,103,98
23,104,87
23,105,68
23,106,74
23,107,56
23,108,81
23,109,69
23,110,57
23,111,61
23,112,68
23,113,74
23,114,54
23,115,60
23,116,54
23,117,63
23,118,124
23,119,75
23,120,51
23,121,52
23,122,65
23,123,106
23,124,39
23,125,59
23,126,70
23,127,49
23,128,61
23,129,70
23,130,58
23,131,66
23,132,59
23,133,39
23,134,58
23,135,58
23,136,67
23,137,70
23,138,51
23,139,67
23,140,62
23,141,60
23,142,48
23,143,66
23,144,64
23,145,48
23,146,56
23,147,59
23,148,62
23,149,64
23,150,57
23,151,60
23,152,41
23,153,56
23,154,53
23,155,59
23,156,73
23,157,59
23,158,31
23,159,53
23,160,48
23,161,64
23,162,52
23,163,50
23,164,60
23,165,45
23,166,49
23,167,44
23,168,56
23,169,60
23,170,49
23,171,56
23,172,50
23,173,71
23,174,61
23,175,57
23,176,74
23,177,20
23,178,10
23,179,13
23,180,22
23,181,11
23,182,0
23,183,0
23,184,0
23,185,0
23,186,0
23,187,0
23,188,0
23,189,0
23,190,12
23,191,29
23,192,22
23,193,18
23,194,18
23,195,9
23,196,15
23,197,24
24,2,25
24,3,18
24,4,30
24,5,44
24,6,31
24,7,22
24,8,26
24,9,37
24,10,47
24,11,19
24,12,25
24,13,21
24,14,20
24,15,18
24,16,36
24,17,34
24,18,16
24,19,16
24,20,22
24,21,21
24,22,21
24,23,31
24,24,36
24,25,28
24,26,31
24,27,47
24,28,40
24,29,35
24,30,31
24,31,21
24,32,24
24,33,18
24,34,25
24,35,18
24,36,29
24,37,24
24,38,23
24,39,25
24,40,30
24,41,15
24,42,32
24,43,24
24,44,26
24,45,20
24,46,19
24,47,21
24,48,13
24,49,16
24,50,0
24,51,0
24,52,0
24,53,0
24,54,0
24,55,0
24,56,0
24,57,0
24,58,0
24,59,0
24,60,0
24,61,18
24,62,20
24,63,26
24,64,19
24,65,38
24,66,49
24,67,32
24,68,39
24,69,48
24,70,34
24,71,22
24,72,20
24,73,32
24,74,10
24,75,12
24,76,26
24,77,35
24,78,32
24,79,23
24,80,30
24,81,63
24,82,25
24,83,27
24,84,37
24,85,50
24,86,33
24,87,14
24,88,0
24,89,0
24,90,27
24,91,14
24,92,12
24,93,25
24,94,35
24,95,32
24,96,32
24,97,25
24,98,50
24,99,47
24,100,16
24,101,21
24,103,37
24,104,11
24,105,15
24,106,10
24,107,15
24,108,21
24,109,12
24,110,26
24,111,15
24,112,27
24,113,13
24,114,13
24,115,0
24,116,52
24,117,29
24,118,17
24,119,21
24,120,24
24,121,29
24,122,15
24,123,26
24,124,11
24,125,23
24,126,19
24,127,33
24,128,33
24,129,32
24,130,32
24,131,48
24,132,26
24,133,26
24,134,46
24,135,19
24,136,31
24,137,24
24,138,22
24,139,52
24,140,32
24,141,23
24,142,13
24,143,27
24,144,46
24,145,29
24,146,21
24,147,34
24,148,22
24,149,26
24,150,27
24,151,25
24,152,23
24,153,38
24,154,26
24,155,12
24,156,0
24,157,0
24,158,0
24,159,0
24,160,0
24,161,0
24,162,0
24,163,0
24,164,0
24,165,0
24,166,0
24,167,0
24,168,0
24,169,0
24,170,0
24,171,0
24,172,0
24,173,0
24,174,0
24,175,4
24,176,5
24,177,6
24,178,15
24,179,17
24,180,21
24,181,0
24,182,0
24,183,0
24,184,0
24,185,0
24,186,0
24,187,0
24,188,0
24,189,0
24,190,0
24,191,0
24,192,0
24,193,34
24,194,35
24,195,30
24,196,20
24,197,41
25,2,2
25,3,1
25,4,1
25,5,0
25,6,0
25,7,5
25,8,0
25,9,0
25,10,0
25,11,0
25,12,2
25,13,0
25,14,0
25,15,0
25,16,0
25,17,0
25,18,2
25,19,1
25,20,0
25,21,1
25,22,1
25,23,2
25,24,0
25,25,0
25,26,0
25,27,2
25,28,0
25,29,2
25,30,0
25,31,4
25,32,0
25,33,0
25,34,0
25,35,1
25,36,0
25,37,0
25,38,0
25,39,0
25,40,0
25,41,0
25,42,0
25,43,0
25,44,0
25,45,7
25,46,0
25,47,7
25,48,0
25,49,0
25,50,5
25,51,0
25,52,0
25,53,5
25,54,0
25,55,0
25,56,0
25,57,0
25,58,0
25,59,3
25,60,0
25,61,13
25,62,1
25,63,0
25,64,0
25,65,5
25,66,0
25,67,1
25,68,2
25,69,0
25,70,3
25,71,0
25,72,1
25,73,0
25,74,1
25,75,0
25,76,0
25,77,1
25,78,0
25,79,0
25,80,0
25,81,0
25,82,0
25,83,0
25,84,0
25,85,5
25,86,2
25,87,3
25,88,1
25,89,5
25,90,10
25,91,2
25,92,0
25,93,0
25,94,0
25,95,0
25,96,1
25,97,7
25,98,0
25,99,0
25,100,0
25,101,0
25,102,0
25,103,0
25,104,0
25,105,0
25,106,0
25,107,0
25,108,0
25,109,0
25,110,5
25,111,6
25,112,7
25,113,9
25,114,10
25,115,3
25,116,9
25,117,5
25,118,6
25,119,3
25,120,1
25,121,8
25,122,4
25,123,11
25,124,6
25,125,4
25,126,5
25,127,4
25,128,8
25,129,3
25,130,1
25,131,8
25,132,3
25,133,6
25,134,3
25,135,4
25,136,7
25,137,7
25,138,0
25,139,3
25,140,1
25,141,3
25,142,1
25,143,5
25,144,2
25,145,6
25,146,1
25,147,3
25,148,2
25,149,1
25,150,2
25,151,2
25,152,6
25,153,6
25,154,2
25,155,7
25,156,4
25,157,1
25,158,4
25,159,3
25,160,3
25,161,3
25,162,4
25,163,3
25,164,5
25,165,3
25,166,5
25,167,3
25,168,4
25,169,6
25,170,6
25,171,9
25,172,9
25,173,7
25,174,5
25,175,5
25,176,5
25,177,9
25,178,7
25,179,6
25,180,7
25,181,6
25,182,7
25,183,8
25,184,9
25,185,8
25,186,1
25,187,3
25,188,5
25,189,5
25,190,4
25,191,2
25,192,4
25,193,6
25,194,4
25,195,7
25,196,3
25,197,7
26,2,11
26,3,13
26,4,0
26,5,15
26,6,0
26,7,23
26,8,5
26,9,18
26,10,8
26,11,7
26,12,10
26,13,2
26,14,0
26,15,15
26,16,9
26,17,8
26,18,4
26,19,8
26,20,9
26,21,7
26,22,5
26,23,240
26,24,10
26,25,47
26,26,8
26,27,14
26,28,16
26,29,7
26,30,5
26,31,4
26,32,5
26,33,9
26,34,16
26,35,25
26,36,2
26,37,25
26,38,30
26,39,10
26,40,14
26,41,20
26,42,9
26,43,9
26,44,12
26,45,19
26,46,8
26,47,2
26,48,12
26,49,31
26,50,13
26,51,14
26,52,8
26,53,20
26,54,25
26,55,20
26,56,9
26,57,13
26,58,29
26,59,0
26,60,35
26,61,17
26,62,7
26,63,16
26,64,28
26,65,45
26,66,20
26,67,46
26,68,0
26,69,16
26,70,16
26,71,9
26,72,18
26,73,12
26,74,26
26,75,6
26,76,0
26,77,2
26,78,31
26,79,16
26,80,25
26,81,24
26,82,26
26,83,17
26,84,24
26,85,18
26,86,14
26,87,11
26,88,0
26,89,39
26,90,21
26,91,12
26,92,20
26,93,22
26,94,13
26,95,24
26,96,22
26,97,29
26,98,14
26,99,36
26,100,16
26,101,9
26,102,21
26,103,30
26,104,13
26,105,10
26,106,27
26,107,16
26,108,42
26,109,9
26,110,20
26,111,18
26,112,46
26,113,0
26,114,0
26,115,0
26,116,0
26,117,0
26,118,0
26,119,0
26,120,37
26,121,10
26,122,31
26,123,23
26,124,17
26,125,46
26,126,33
26,127,22
26,128,19
26,129,27
26,130,18
26,131,22
26,132,7
26,133,34
26,134,16
26,135,0
26,136,10
26,137,13
26,138,19
26,139,27
26,140,34
26,141,23
26,142,8
26,143,13
26,144,18
26,145,0
26,146,12
26,147,35
26,148,30
26,149,19
26,150,50
26,151,28
26,152,16
26,153,32
26,154,16
26,155,20
26,156,23
26,157,19
26,158,26
26,159,18
26,160,25
26,161,21
26,162,13
26,163,17
26,164,12
26,165,42
26,166,16
26,167,20
26,168,13
26,169,0
26,170,0
26,171,0
26,172,0
26,173,11
26,174,5
26,175,0
26,176,0
26,177,17
26,178,26
26,179,13
26,180,24
26,181,14
26,182,28
26,183,15
26,184,29
26,185,23
26,186,23
26,187,17
26,188,9
26,189,18
26,190,14
26,191,19
26,192,27
26,193,18
26,194,12
26,195,17
26,196,14
26,197,17
27,2,23
27,3,6
27,4,9
27,5,16
27,6,5
27,7,13
27,8,9
27,9,4
27,10,16
27,11,9
27,12,32
27,13,17
27,14,14
27,15,18
27,16,30
27,17,12
27,18,25
27,19,30
27,20,18
27,21,13
27,22,10
27,23,16
27,24,33
27,25,27
27,26,17
27,27,29
27,28,23
27,29,35
27,30,11
27,31,25
27,32,12
27,33,46
27,34,21
27,35,33
27,36,17
27,37,11
27,38,10
27,39,21
27,40,34
27,41,24
27,42,31
27,43,37
27,44,22
27,45,13
27,46,26
27,47,24
27,48,31
27,49,21
27,50,26
27,51,20
27,52,17
27,53,26
27,54,29
27,55,30
27,56,57
27,57,22
27,58,22
27,59,19
27,60,43
27,61,20
27,62,34
27,63,28
27,64,21
27,65,28
27,66,16
27,67,47
27,68,23
27,69,33
27,70,11
27,71,19
27,72,17
27,73,14
27,74,12
27,75,15
27,76,14
27,77,19
27,78,18
27,79,22
27,80,38
27,81,38
27,82,19
27,83,17
27,84,22
27,85,24
27,86,19
27,87,21
27,88,15
27,89,24
27,90,16
27,91,16
27,92,22
27,93,16
27,94,17
27,95,16
27,96,24
27,97,19
27,98,23
27,99,31
27,100,20
27,101,21
27,102,17
27,103,17
27,104,15
27,105,16
27,106,17
27,107,23
27,108,24
27,109,6
27,110,30
27,111,14
27,112,15
27,113,24
27,114,0
27,115,0
27,116,0
27,117,0
27,118,0
27,119,0
27,120,11
27,121,13
27,122,11
27,123,15
27,124,16
27,125,13
27,126,19
27,127,19
27,128,14
27,129,12
27,130,11
27,131,8
27,132,13
27,133,15
27,134,14
27,135,11
27,136,14
27,137,15
27,138,9
27,139,11
27,140,13
27,141,15
27,142,19
27,143,8
27,144,12
27,145,14
27,146,16
27,147,10
27,148,16
27,149,12
27,150,18
27,151,10
27,152,19
27,153,10
27,154,13
27,155,12
27,156,10
27,157,19
27,158,17
27,159,16
27,160,15
27,161,12
27,162,11
27,163,14
27,164,14
27,165,13
27,166,13
27,167,12
27,168,11
27,169,16
27,170,4
27,171,15
27,172,14
27,173,16
27,174,14
27,175,14
27,176,15
27,177,16
27,178,21
27,179,16
27,180,15
27,181,0
27,182,0
27,183,0
27,184,0
27,185,0
27,186,8
27,187,13
27,188,15
27,189,12
27,190,15
27,191,11
27,192,11
27,193,13
27,194,13
27,195,15
27,196,19
27,197,14
28,2,0
28,3,0
28,4,10
28,5,8
28,6,4
28,7,2
28,8,12
28,9,7
28,10,14
28,11,13
28,12,0
28,13,10
28,14,6
28,15,7
28,16,3
28,17,8
28,18,3
28,19,10
28,20,14
28,21,0
28,22,0
28,23,0
28,24,0
28,25,0
28,26,10
28,27,7
28,28,25
28,29,16
28,30,1
28,31,13
28,32,9
28,33,0
28,34,6
28,35,8
28,36,0
28,37,11
28,38,5
28,39,15
28,40,13
28,41,6
28,42,12
28,43,16
28,44,15
28,45,8
28,46,8
28,47,7
28,48,15
28,49,0
28,50,12
28,51,18
28,52,11
28,53,13
28,54,5
28,55,0
28,56,0
28,57,0
28,58,10
28,59,20
28,60,19
28,61,20
28,62,15
28,63,17
28,64,16
28,65,16
28,66,12
28,67,18
28,68,0
28,69,0
28,70,5
28,71,5
28,72,12
28,73,5
28,74,11
28,75,0
28,76,16
28,77,5
28,78,3
28,79,7
28,80,16
28,81,8
28,82,7
28,83,10
28,84,5
28,85,4
28,86,0
28,87,0
28,88,9
28,89,8
28,90,0
28,91,9
28,92,12
28,93,7
28,94,19
28,95,7
28,96,15
28,97,19
28,98,13
28,99,0
28,100,17
28,101,13
28,102,10
28,103,11
28,104,9
28,105,10
28,106,15
28,107,14
28,108,11
28,109,0
28,110,0
28,111,0
28,112,11
28,113,12
28,114,12
28,115,0
28,116,0
28,117,0
28,118,0
28,119,19
28,120,15
28,121,21
28,122,10
28,123,12
28,124,8
28,125,9
28,126,20
28,127,9
28,128,0
28,129,14
28,130,18
28,131,8
28,132,2
28,133,17
28,134,0
28,135,0
28,136,0
28,137,6
28,138,0
28,139,0
28,140,0
28,141,10
28,142,12
28,143,14
28,144,0
28,145,5
28,146,16
28,147,9
28,148,11
28,149,10
28,150,16
28,151,4
28,152,0
28,153,13
28,154,23
28,155,26
28,156,21
28,157,13
28,158,19
28,159,9
28,160,17
28,161,6
28,162,12
28,163,8
28,164,17
28,165,0
28,166,15
28,167,8
28,168,9
28,169,7
28,170,15
28,171,0
28,172,0
28,173,0
28,174,3
28,175,15
28,176,9
28,177,16
28,178,0
28,179,7
28,180,7
28,181,10
28,182,0
28,183,0
28,184,0
28,185,0
28,186,0
28,187,0
28,188,0
28,189,0
28,190,0
28,191,0
28,192,7
28,193,15
28,194,20
28,195,14
28,196,13
28,197,8
29,2,4
29,3,12
29,4,13
29,5,7
29,6,5
29,7,25
29,8,8
29,9,21
29,10,22
29,11,12
29,12,2
29,13,3
29,14,9
29,15,23
29,16,15
29,17,10
29,18,5
29,19,0
29,20,2
29,21,4
29,22,3
29,23,10
29,24,9
29,25,13
29,26,12
29,27,6
29,28,5
29,29,11
29,30,3
29,31,12
29,32,5
29,33,2
29,34,9
29,35,11
29,36,16
29,37,5
29,38,3
29,39,4
29,40,11
29,41,11
29,42,13
29,43,7
29,44,6
29,45,9
29,46,9
29,47,5
29,48,12
29,49,13
29,50,7
29,51,6
29,52,4
29,53,12
29,54,4
29,55,13
29,56,11
29,57,8
29,58,14
29,59,10
29,60,8
29,61,23
29,62,5
29,63,2
29,64,5
29,65,8
29,66,12
29,67,8
29,68,6
29,69,6
29,70,2
29,71,9
29,72,14
29,73,8
29,74,8
29,75,9
29,76,0
29,77,0
29,78,0
29,79,0
29,80,0
29,81,0
29,82,4
29,83,14
29,84,20
29,85,12
29,86,12
29,87,27
29,88,9
29,89,5
29,90,12
29,91,4
29,92,6
29,93,10
29,94,12
29,95,9
29,96,27
29,97,6
29,98,9
29,99,29
29,100,20
29,101,33
29,102,11
29,103,8
29,104,0
29,105,0
29,106,0
29,107,0
29,108,0
29,109,0
29,110,0
29,111,0
29,112,0
29,113,0
29,114,0
29,115,0
29,116,0
29,117,20
29,118,18
29,119,14
29,120,9
29,121,12
29,122,0
29,123,0
29,124,0
29,125,0
29,126,0
29,127,0
29,128,0
29,129,0
29,130,0
29,131,3
29,132,6
29,133,7
29,134,4
29,135,8
29,136,47
29,137,6
29,138,5
29,139,11
29,140,3
29,141,4
29,142,17
29,143,9
29,144,8
29,145,11
29,146,1
29,147,10
29,148,13
29,149,16
29,150,9
29,151,18
29,152,11
29,153,16
29,154,20
29,155,31
29,156,13
29,157,15
29,158,8
29,159,23
29,160,22
29,161,12
29,162,14
29,163,5
29,164,19
29,165,8
29,166,14
29,167,18
29,168,15
29,169,12
29,170,16
29,171,14
29,172,8
29,173,19
29,174,11
29,175,11
29,176,27
29,177,26
29,178,22
29,179,13
29,180,20
29,181,9
29,182,4
29,183,0
29,184,0
29,185,0
29,186,0
29,187,0
29,188,0
29,189,0
29,190,0
29,191,0
29,192,0
29,193,0
29,194,0
29,195,0
29,196,0
29,197,6
30,2,0
30,3,0
30,4,0
30,5,0
30,6,0
30,7,0
30,8,0
30,9,0
30,10,0
30,11,0
30,12,6
30,13,4
30,14,2
30,15,9
30,16,0
30,17,0
30,18,0
30,19,0
30,20,0
30,21,2
30,22,2
30,23,3
30,24,6
30,25,5
30,26,4
30,27,2
30,28,5
30,29,4
30,30,11
30,31,8
30,32,7
30,33,5
30,34,4
30,35,3
30,36,5
30,37,5
30,38,3
30,39,8
30,40,4
30,41,4
30,42,4
30,43,6
30,44,4
30,45,0
30,46,0
30,47,0
30,48,0
30,49,0
30,50,0
30,51,0
30,52,0
30,53,0
30,54,0
30,55,0
30,56,18
30,57,15
30,58,10
30,59,2
30,60,6
30,61,15
30,62,9
30,63,10
30,64,6
30,65,7
30,66,11
30,67,4
30,68,5
30,69,13
30,70,5
30,71,7
30,72,15
30,73,4
30,74,4
30,75,9
30,76,2
30,77,4
30,78,20
30,79,11
30,80,4
30,81,6
30,82,32
30,83,12
30,84,2
30,85,0
30,86,0
30,87,0
30,88,0
30,89,0
30,90,0
30,91,0
30,92,0
30,93,0
30,94,0
30,95,0
30,96,0
30,97,0
30,98,0
30,99,0
30,100,0
30,101,0
30,102,0
30,103,0
30,104,0
30,105,0
30,106,0
30,107,0
30,108,0
30,109,0
30,110,0
30,111,0
30,112,0
30,113,0
30,114,0
30,115,0
30,116,0
30,117,0
30,118,5
30,119,4
30,120,7
30,121,4
30,122,4
30,123,9
30,124,0
30,125,4
30,126,5
30,127,5
30,128,7
30,129,4
30,130,6
30,131,5
30,132,5
30,133,7
30,134,11
30,135,9
30,136,13
30,137,5
30,138,2
30,139,2
30,140,1
30,141,1
30,142,4
30,143,6
30,144,4
30,145,7
30,146,6
30,147,5
30,148,6
30,149,3
30,150,5
30,151,3
30,152,4
30,153,2
30,154,2
30,155,6
30,156,7
30,157,6
30,158,4
30,159,4
30,160,4
30,161,8
30,162,4
30,163,7
30,164,2
30,165,7
30,166,5
30,167,1
30,168,10
30,169,2
30,170,1
30,171,2
30,172,2
30,173,2
30,174,2
30,175,1
30,176,7
30,177,3
30,178,7
30,179,1
30,180,2
30,181,0
30,182,0
30,183,0
30,184,0
30,185,0
30,186,0
30,187,0
30,188,0
30,189,0
30,190,3
30,191,2
30,192,2
30,193,0
30,194,0
30,195,0
30,196,0
30,197,0
31,4,3
31,5,4
31,6,5
31,7,1
31,8,1
31,9,3
31,10,2
31,11,2
31,12,3
31,13,3
31,14,7
31,15,3
31,16,31
31,17,3
31,18,4
31,19,4
31,20,2
31,21,3
31,22,7
31,23,2
31,24,4
31,25,11
31,26,4
31,27,13
31,28,3
31,29,12
31,30,5
31,31,5
31,32,7
31,33,2
31,34,3
31,35,6
31,36,3
31,37,6
31,38,4
31,39,5
31,40,4
31,41,6
31,42,10
31,43,5
31,44,6
31,45,4
31,46,5
31,47,3
31,48,2
31,49,9
31,50,3
31,51,22
31,52,5
31,53,6
31,54,8
31,55,13
31,56,29
31,57,5
31,58,2
31,59,6
31,60,3
31,61,5
31,62,7
31,63,4
31,64,4
31,65,11
31,66,6
31,67,5
31,68,6
31,69,4
31,70,5
31,71,6
31,72,6
31,73,4
31,74,5
31,75,6
31,76,4
31,77,7
31,78,5
31,79,11
31,80,5
31,81,6
31,82,4
31,83,16
31,84,6
31,85,4
31,86,6
31,87,5
31,88,10
31,89,5
31,90,4
31,91,5
31,92,5
31,93,7
31,94,6
31,95,12
31,96,3
31,97,8
31,98,6
31,99,3
31,100,4
31,101,7
31,102,6
31,103,6
31,104,4
31,105,7
31,106,10
31,107,8
31,108,16
31,109,10
31,110,10
31,111,6
31,112,8
31,113,6
31,114,13
31,115,7
31,116,6
31,117,10
31,118,6
31,119,6
31,120,6
31,121,9
31,122,6
31,123,7
31,124,13
31,125,8
31,126,9
31,127,15
31,128,8
31,129,10
31,130,8
31,131,14
31,132,9
31,133,10
31,134,8
31,135,9
31,136,9
31,137,10
31,138,10
31,139,11
31,140,6
31,141,12
31,142,5
31,143,7
31,144,7
31,145,7
31,146,5
31,147,6
31,148,4
31,149,3
31,150,3
31,151,5
31,152,5
31,153,3
31,154,3
31,155,6
31,156,5
31,157,9
31,158,6
31,159,5
31,160,5
31,161,8
31,162,7
31,163,10
31,164,4
31,165,6
31,166,6
31,167,6
31,168,4
31,169,4
31,170,6
31,171,5
31,172,7
31,173,6
31,174,6
31,175,5
31,176,5
31,177,5
31,178,3
31,179,6
31,180,4
31,181,6
31,182,0
31,183,0
31,184,0
31,185,0
31,186,0
31,187,0
31,188,3
31,189,2
31,190,4
31,191,6
31,192,7
31,193,5
31,194,4
31,195,6
31,196,3
31,197,7
32,4,16
32,5,29
32,6,5
32,7,32
32,8,54
32,9,21
32,10,29
32,11,38
32,12,52
32,13,40
32,14,40
32,15,35
32,16,50
32,17,44
32,18,28
32,19,30
32,20,36
32,21,15
32,22,21
32,23,40
32,24,35
32,25,40
32,26,41
32,27,12
32,28,16
32,29,0
32,30,0
32,31,7
32,32,17
32,33,31
32,34,46
32,35,18
32,36,20
32,37,36
32,38,33
32,39,16
32,40,46
32,41,13
32,42,40
32,43,32
32,44,51
32,45,12
32,46,24
32,47,15
32,48,10
32,49,12
32,50,9
32,51,19
32,52,26
32,53,10
32,54,10
32,55,16
32,56,13
32,57,26
32,58,26
32,59,16
32,60,9
32,61,7
32,62,19
32,63,19
32,64,15
32,65,46
32,66,21
32,67,22
32,68,5
32,69,24
32,70,15
32,71,14
32,72,14
32,73,13
32,74,15
32,75,13
32,76,9
32,77,17
32,78,8
32,79,8
32,80,8
32,81,9
32,82,11
32,83,16
32,84,12
32,85,18
32,86,16
32,87,18
32,88,24
32,89,16
32,90,15
32,91,13
32,92,21
32,93,23
32,94,9
32,95,10
32,96,13
32,97,14
32,98,8
32,99,8
32,100,32
32,101,20
32,102,12
32,103,15
32,104,13
32,105,16
32,106,14
32,107,18
32,108,9
32,109,14
32,110,16
32,111,23
32,112,14
32,113,14
32,114,16
32,115,10
32,116,18
32,117,19
32,118,10
32,119,26
32,120,16
32,121,15
32,122,32
32,123,17
32,124,16
32,125,17
32,126,13
32,127,13
32,128,17
32,129,13
32,130,14
32,131,15
32,132,18
32,133,11
32,134,10
32,135,10
32,136,10
32,137,12
32,138,13
32,139,25
32,140,14
32,141,10
32,142,10
32,143,7
32,144,10
32,145,8
32,146,10
32,147,16
32,148,8
32,149,10
32,150,24
32,151,11
32,152,15
32,153,21
32,154,9
32,155,9
32,156,12
32,157,10
32,158,14
32,159,14
32,160,28
32,161,24
32,162,29
32,163,16
32,164,22
32,165,13
32,166,6
32,167,21
32,168,15
32,169,14
32,170,16
32,171,9
32,172,9
32,173,21
32,174,11
32,175,12
32,176,12
32,177,23
32,178,14
32,179,16
32,180,20
32,181,13
32,182,19
32,183,13
32,184,29
32,185,14
32,186,14
32,187,23
32,188,18
32,189,3
32,190,3
32,191,0
32,192,0
32,193,0
32,194,0
32,195,4
32,196,2
32,197,3
33,4,1
33,5,8
33,6,8
33,7,8
33,8,9
33,9,10
33,10,9
33,11,11
33,12,15
33,13,11
33,14,11
33,15,8
33,16,15
33,17,20
33,18,14
33,19,10
33,20,9
33,21,11
33,22,12
33,23,11
33,24,10
33,25,12
33,26,10
33,27,14
33,28,12
33,29,13
33,30,10
33,31,13
33,32,12
33,33,13
33,34,7
33,35,11
33,36,8
33,37,9
33,38,10
33,39,12
33,40,13
33,41,12
33,42,10
33,43,10
33,44,10
33,45,9
33,46,14
33,47,12
33,48,14
33,49,11
33,50,12
33,51,14
33,52,14
33,53,15
33,54,15
33,55,14
33,56,12
33,57,15
33,58,13
33,59,13
33,60,12
33,61,14
33,62,12
33,63,15
33,64,13
33,65,11
33,66,13
33,67,14
33,68,13
33,69,11
33,70,10
33,71,13
33,72,13
33,73,11
33,74,9
33,75,11
33,76,10
33,77,12
33,78,11
33,79,11
33,80,12
33,81,13
33,82,17
33,83,7
33,84,5
33,85,4
33,86,14
33,87,10
33,88,17
33,89,8
33,90,13
33,91,15
33,92,11
33,93,12
33,94,14
33,95,11
33,96,12
33,97,12
33,98,13
33,99,14
33,100,15
33,101,13
33,102,12
33,103,15
33,104,16
33,105,11
33,106,8
33,107,11
33,108,14
33,109,12
33,110,13
33,111,5
33,112,11
33,113,13
33,114,15
33,115,8
33,116,7
33,117,11
33,118,6
33,120,5
33,121,9
33,122,9
33,123,9
33,124,5
33,125,11
33,126,13
33,127,11
33,128,13
33,129,9
33,130,13
33,131,10
33,132,10
33,133,17
33,134,11
33,135,11
33,136,12
33,137,13
33,138,11
33,139,17
33,140,11
33,141,10
33,142,11
33,143,16
33,144,15
33,145,11
33,146,17
33,147,10
33,148,13
33,149,9
33,150,10
33,151,8
33,152,15
33,153,11
33,154,9
33,155,9
33,156,13
33,157,15
33,158,7
33,159,11
33,160,10
33,161,6
33,162,7
33,163,11
33,164,8
33,165,13
33,166,6
33,167,7
33,168,9
33,169,8
33,170,15
33,171,10
33,172,11
33,173,11
33,174,13
33,175,11
33,176,11
33,177,11
33,178,11
33,179,13
33,180,8
33,181,8
33,182,9
33,183,7
33,184,0
33,185,0
33,186,0
33,187,0
33,188,0
33,189,8
33,190,7
33,191,10
33,192,7
33,193,9
33,194,9
33,195,9
33,196,11
33,197,13
34,4,83
34,5,50
34,6,47
34,7,42
34,8,46
34,9,0
34,10,169
34,11,99
34,12,32
34,13,112
34,14,67
34,15,47
34,16,137
34,17,30
34,18,77
34,19,51
34,20,63
34,21,16
34,22,66
34,23,40
34,24,78
34,25,62
34,26,0
34,27,0
34,28,0
34,30,141
34,31,112
34,32,34
34,33,14
34,34,35
34,35,0
34,36,0
34,37,0
34,38,0
34,39,71
34,40,99
34,41,0
34,42,118
34,43,92
34,44,72
34,45,0
34,46,0
34,47,166
34,48,197
34,49,96
34,50,178
34,51,34
34,52,0
34,53,94
34,54,0
34,55,0
34,56,0
34,57,0
34,58,0
34,59,0
34,60,0
34,61,128
34,62,112
34,63,79
34,64,156
34,65,130
34,66,115
34,67,19
34,68,37
34,69,0
34,70,0
34,71,0
34,72,112
34,73,140
34,74,120
34,75,104
34,76,85
34,77,53
34,78,153
34,79,120
34,80,74
34,81,67
34,82,56
34,83,121
34,84,143
34,85,74
34,86,40
34,87,0
34,88,0
34,89,0
34,90,39
34,91,31
34,92,128
34,93,85
34,94,97
34,95,149
34,96,31
34,97,95
34,98,62
34,99,114
34,100,82
34,101,0
34,102,0
34,103,0
34,104,0
34,105,0
34,106,0
34,107,0
34,108,0
34,109,0
34,110,70
34,111,0
34,112,0
34,113,0
34,115,0
34,116,0
34,117,0
34,118,109
34,119,153
34,120,0
34,121,0
34,122,37
34,123,80
34,124,98
34,125,0
34,126,0
34,127,0
34,128,0
34,129,0
34,130,0
34,131,0
34,132,0
34,133,0
34,134,0
34,135,0
34,136,0
34,137,0
34,138,0
34,139,0
34,140,0
34,141,0
34,142,0
34,143,0
34,144,0
34,145,0
34,146,0
34,147,43
34,148,65
34,149,0
34,150,204
34,151,0
34,152,80
34,153,34
34,154,150
34,155,81
34,156,0
34,157,19
34,158,0
34,159,60
34,160,84
34,161,38
34,162,121
34,163,36
34,164,37
34,165,70
34,166,61
34,167,61
34,168,87
34,169,43
34,170,0
34,171,0
34,172,35
34,173,0
34,174,0
34,175,0
34,176,0
34,177,0
34,178,0
34,179,35
34,180,0
34,181,0
34,182,0
34,183,0
34,184,0
34,185,0
34,186,0
34,187,0
34,188,0
34,189,0
34,190,0
34,191,0
34,192,50
34,193,0
34,194,30
34,195,19
34,196,27
34,197,34
35,4,49
35,5,49
35,6,30
35,7,15
35,8,22
35,9,25
35,10,0
35,11,0
35,12,27
35,13,12
35,14,12
35,15,17
35,16,10
35,17,5
35,18,24
35,19,9
35,20,17
35,21,15
35,22,6
35,23,9
35,24,24
35,25,13
35,26,0
35,27,8
35,28,10
35,29,5
35,30,29
35,31,12
35,32,0
35,33,0
35,34,0
35,35,0
35,36,0
35,37,0
35,38,0
35,39,15
35,40,0
35,41,0
35,42,0
35,43,16
35,44,28
35,45,18
35,46,18
35,47,17
35,48,8
35,49,15
35,50,22
35,51,24
35,52,9
35,53,10
35,54,6
35,55,25
35,56,9
35,57,0
35,58,11
35,59,5
35,60,6
35,61,6
35,62,22
35,63,11
35,64,16
35,65,7
35,66,16
35,67,8
35,68,9
35,69,10
35,70,13
35,71,10
35,72,18
35,73,15
35,74,16
35,75,18
35,76,14
35,77,8
35,78,19
35,79,7
35,80,7
35,81,7
35,82,8
35,83,11
35,84,9
35,85,9
35,86,9
35,87,19
35,88,15
35,89,15
35,90,15
35,91,33
35,92,10
35,93,15
35,94,11
35,95,9
35,96,9
35,97,9
35,98,10
35,99,17
35,100,10
35,101,8
35,102,14
35,103,12
35,104,13
35,105,22
35,106,16
35,107,13
35,108,6
35,109,16
35,110,11
35,111,8
35,112,11
35,113,5
35,114,13
35,115,23
35,116,5
35,117,6
35,118,7
35,119,7
35,120,5
35,121,10
35,122,5
35,123,9
35,124,8
35,125,9
35,126,13
35,127,11
35,128,15
35,129,12
35,130,15
35,131,21
35,132,17
35,133,18
35,134,20
35,135,13
35,136,14
35,137,31
35,138,29
35,139,12
35,140,5
35,141,7
35,142,20
35,143,10
35,144,73
35,145,10
35,146,15
35,147,7
35,148,12
35,149,5
35,150,6
35,151,6
35,152,6
35,153,10
35,154,8
35,155,19
35,156,11
35,157,19
35,158,17
35,159,9
35,160,9
35,161,0
35,162,0
35,163,0
35,164,0
35,165,0
35,166,0
35,167,0
35,168,13
35,169,21
35,170,14
35,171,9
35,172,32
35,173,32
35,174,12
35,175,0
35,176,0
35,177,3
35,178,4
35,179,8
35,180,14
35,181,0
35,182,0
35,183,0
35,184,0
35,185,0
35,186,0
35,187,0
35,188,0
35,189,0
35,190,0
35,191,15
35,192,6
35,193,8
35,194,6
35,195,3
35,196,21
35,197,3
36,4,0
36,5,0
36,6,0
36,7,0
36,8,0
36,9,0
36,10,0
36,11,0
36,12,0
36,13,0
36,14,0
36,15,0
36,16,0
36,17,0
36,18,0
36,19,0
36,20,0
36,21,0
36,22,0
36,23,0
36,24,0
36,25,0
36,26,0
36,27,0
36,28,0
36,29,0
36,30,0
36,31,0
36,32,0
36,33,0
36,34,0
36,35,0
36,36,0
36,37,0
36,38,0
36,39,0
36,40,0
36,41,5
36,42,0
36,43,5
36,44,5
36,45,0
36,46,0
36,47,5
36,48,2
36,49,5
36,50,0
36,51,2
36,52,10
36,54,6
36,55,0
36,56,0
36,57,0
36,58,0
36,59,0
36,60,0
36,61,0
36,62,0
36,63,0
36,64,0
36,65,0
36,66,0
36,67,0
36,68,0
36,69,0
36,70,0
36,71,0
36,72,0
36,73,0
36,74,0
36,75,0
36,76,0
36,77,10
36,78,0
36,79,10
36,80,0
36,81,0
36,82,0
36,83,10
36,84,10
36,85,8
36,86,20
36,87,6
36,88,8
36,89,0
36,90,8
36,92,4
36,93,0
36,94,5
36,95,3
36,96,5
36,97,0
36,98,2
36,99,5
36,100,5
36,101,1
36,102,2
36,103,2
36,104,10
36,105,0
36,106,0
36,107,0
36,108,0
36,109,0
36,110,10
36,111,0
36,112,0
36,113,0
36,114,0
36,115,0
36,116,0
36,117,0
36,118,8
36,119,0
36,120,0
36,121,0
36,122,0
36,123,0
36,124,0
36,125,0
36,126,0
36,127,0
36,128,6
36,129,3
36,130,0
36,131,5
36,132,0
36,133,0
36,134,3
36,135,0
36,136,3
36,137,5
36,138,0
36,139,3
36,140,0
36,141,0
36,142,0
36,143,0
36,144,1
36,145,1
36,146,0
36,147,0
36,148,1
36,149,0
36,150,0
36,151,1
36,152,1
36,153,2
36,154,0
36,155,0
36,156,0
36,157,0
36,158,0
36,159,0
36,160,1
36,161,1
36,162,0
36,163,2
36,164,3
36,165,0
36,166,0
36,167,0
36,168,0
36,169,0
36,170,0
36,171,0
36,172,0
36,173,0
36,174,5
36,175,0
36,176,2
36,177,0
36,178,0
36,179,2
36,180,2
36,181,0
36,182,0
36,183,0
36,184,0
36,185,0
36,186,0
36,187,0
36,188,0
36,189,0
36,190,0
36,191,0
36,192,0
36,193,0
36,194,0
36,195,0
36,196,0
36,197,2
37,4,0
37,5,0
37,6,0
37,7,0
37,8,0
37,9,20
37,10,0
37,11,0
37,12,0
37,13,0
37,14,0
37,15,4
37,16,9
37,17,1
37,18,0
37,19,0
37,20,0
37,21,0
37,22,2
37,23,0
37,24,0
37,25,0
37,26,0
37,27,0
37,28,2
37,29,0
37,30,0
37,31,0
37,32,0
37,33,0
37,34,0
37,35,0
37,36,3
37,37,0
37,38,0
37,39,0
37,40,0
37,41,0
37,42,0
37,43,0
37,44,0
37,45,0
37,46,0
37,47,0
37,48,1
37,49,0
37,50,4
37,51,0
37,52,0
37,53,0
37,54,0
37,55,0
37,56,0
37,57,6
37,58,0
37,59,0
37,60,0
37,61,0
37,62,0
37,63,0
37,64,0
37,65,0
37,66,0
37,67,0
37,68,0
37,69,0
37,70,0
37,71,0
37,72,0
37,73,0
37,74,0
37,75,2
37,76,0
37,77,2
37,78,0
37,79,0
37,80,0
37,81,0
37,82,0
37,83,2
37,84,0
37,85,0
37,86,1
37,87,0
37,88,0
37,89,0
37,90,0
37,91,0
37,92,0
37,93,0
37,94,2
37,95,2
37,96,0
37,97,4
37,98,6
37,99,4
37,100,2
37,101,3
37,102,3
37,103,2
37,104,2
37,105,0
37,106,0
37,107,0
37,108,0
37,109,0
37,110,0
37,111,0
37,112,0
37,113,0
37,114,0
37,115,0
37,116,0
37,117,0
37,118,0
37,119,7
37,120,0
37,121,5
37,122,0
37,123,5
37,124,7
37,125,3
37,126,0
37,127,0
37,128,5
37,129,4
37,130,4
37,131,0
37,132,0
37,133,0
37,134,0
37,135,11
37,136,3
37,137,2
37,138,0
37,139,0
37,140,6
37,141,0
37,142,0
37,143,4
37,144,0
37,145,0
37,146,0
37,147,0
37,148,0
37,149,0
37,150,0
37,151,0
37,152,0
37,153,0
37,154,0
37,155,0
37,156,0
37,157,0
37,158,4
37,159,0
37,160,0
37,161,0
37,162,0
37,163,0
37,164,0
37,165,0
37,166,0
37,167,0
37,168,0
37,169,0
37,170,0
37,171,0
37,172,0
37,173,0
37,174,0
37,175,0
37,176,0
37,177,0
37,178,0
37,179,0
37,180,0
37,181,0
37,182,0
37,183,0
37,184,0
37,185,0
37,186,0
37,187,0
37,188,0
37,189,0
37,190,0
37,191,0
37,192,0
37,193,0
37,194,0
37,195,0
37,196,4
37,197,4
38,4,23
38,5,57
38,6,26
38,7,4
38,8,33
38,9,28
38,10,33
38,11,25
38,12,17
38,13,0
38,14,6
38,15,32
38,16,32
38,17,19
38,18,6
38,19,29
38,20,20
38,21,22
38,22,17
38,23,32
38,24,46
38,25,27
38,26,17
38,27,8
38,28,10
38,29,0
38,30,20
38,31,12
38,32,9
38,33,5
38,34,29
38,35,10
38,36,17
38,37,2
38,38,20
38,39,12
38,40,15
38,41,6
38,42,17
38,43,38
38,44,18
38,45,12
38,46,19
38,47,25
38,48,10
38,49,42
38,50,32
38,51,34
38,52,47
38,53,15
38,54,95
38,55,24
38,56,17
38,57,24
38,58,10
38,59,0
38,60,10
38,61,26
38,62,19
38,63,12
38,64,18
38,65,37
38,66,34
38,67,15
38,68,23
38,69,26
38,70,57
38,71,24
38,72,31
38,73,48
38,74,37
38,75,18
38,76,8
38,77,3
38,78,50
38,79,46
38,80,33
38,81,25
38,82,35
38,83,30
38,84,16
38,85,12
38,86,3
38,87,6
38,88,15
38,89,0
38,90,0
38,91,0
38,92,61
38,93,46
38,94,50
38,95,3
38,96,3
38,97,15
38,98,30
38,99,36
38,100,15
38,101,7
38,102,15
38,103,14
38,104,2
38,105,15
38,106,28
38,107,31
38,108,25
38,109,18
38,110,25
38,111,25
38,112,25
38,113,18
38,114,7
38,115,12
38,116,10
38,117,5
38,118,5
38,119,15
38,120,20
38,121,30
38,122,23
38,123,9
38,124,17
38,125,13
38,126,18
38,127,20
38,128,11
38,129,15
38,130,15
38,131,13
38,132,18
38,133,29
38,134,46
38,135,46
38,136,24
38,137,10
38,138,10
38,139,18
38,140,22
38,141,14
38,142,10
38,143,7
38,144,11
38,145,20
38,146,24
38,147,11
38,148,8
38,149,10
38,150,14
38,151,11
38,152,6
38,153,28
38,154,37
38,155,41
38,156,23
38,157,9
38,158,26
38,159,3
38,160,6
38,161,22
38,162,8
38,163,8
38,164,15
38,165,32
38,166,11
38,167,12
38,168,36
38,169,23
38,170,41
38,171,72
38,172,9
38,173,19
38,174,27
38,175,15
38,176,25
38,177,46
38,178,32
38,179,48
38,180,17
38,181,25
38,182,57
38,183,0
38,184,33
38,185,38
38,186,28
38,187,48
38,188,20
38,189,32
38,190,28
38,191,46
38,192,36
38,193,58
38,194,0
38,195,21
38,196,0
38,197,0
39,5,20
39,6,0
39,7,0
39,8,0
39,9,51
39,10,20
39,11,22
39,12,14
39,13,10
39,14,33
39,15,40
39,16,18
39,17,21
39,18,25
39,19,9
39,20,32
39,21,31
39,22,28
39,23,17
39,24,21
39,25,54
39,26,18
39,27,35
39,28,30
39,29,18
39,30,21
39,31,30
39,32,10
39,33,27
39,34,32
39,35,24
39,36,25
39,37,29
39,38,19
39,39,26
39,40,50
39,41,13
39,42,11
39,43,19
39,44,59
39,45,15
39,46,13
39,47,22
39,48,22
39,49,39
39,50,43
39,51,20
39,52,19
39,53,14
39,54,69
39,55,34
39,56,21
39,57,29
39,58,37
39,59,13
39,60,13
39,61,31
39,62,33
39,63,23
39,64,15
39,65,49
39,66,30
39,67,20
39,68,17
39,69,16
39,70,16
39,71,29
39,72,18
39,73,9
39,74,15
39,75,15
39,76,37
39,77,10
39,78,28
39,79,17
39,80,5
39,81,12
39,82,11
39,83,16
39,84,21
39,85,14
39,86,17
39,87,42
39,88,8
39,89,21
39,90,9
39,91,6
39,92,14
39,93,17
39,94,7
39,95,9
39,96,15
39,97,12
39,98,15
39,99,14
39,100,11
39,101,13
39,102,6
39,103,17
39,104,15
39,105,15
39,106,26
39,107,15
39,108,9
39,109,15
39,110,9
39,111,12
39,112,8
39,113,16
39,114,25
39,115,11
39,116,14
39,117,6
39,118,10
39,119,13
39,120,8
39,121,20
39,122,12
39,123,8
39,124,23
39,125,20
39,126,14
39,127,12
39,128,14
39,129,17
39,130,14
39,131,35
39,132,25
39,133,13
39,134,21
39,135,42
39,136,47
39,137,18
39,138,17
39,139,13
39,140,13
39,141,15
39,142,19
39,143,22
39,144,34
39,145,23
39,146,11
39,147,22
39,148,33
39,149,34
39,150,36
39,151,39
39,152,15
39,153,21
39,154,10
39,155,17
39,156,23
39,157,20
39,158,20
39,159,56
39,160,22
39,161,13
39,162,21
39,163,14
39,164,23
39,165,33
39,166,16
39,167,7
39,168,19
39,169,7
39,170,26
39,171,31
39,172,13
39,173,36
39,174,19
39,175,19
39,176,19
39,177,26
39,178,24
39,179,59
39,180,20
39,181,26
39,182,29
39,183,13
39,184,14
39,185,20
39,186,14
39,187,31
39,188,15
39,189,17
39,190,22
39,191,23
39,192,27
39,193,18
39,194,25
39,195,18
39,196,39
39,197,24
40,4,62
40,5,24
40,6,21
40,7,15
40,8,22
40,9,20
40,10,28
40,11,11
40,12,28
40,13,19
40,14,18
40,15,39
40,16,35
40,17,82
40,18,38
40,19,38
40,20,28
40,21,13
40,22,49
40,23,42
40,24,43
40,25,90
40,26,23
40,27,96
40,28,48
40,29,33
40,30,49
40,31,58
40,32,50
40,33,68
40,34,66
40,35,82
40,36,17
40,37,32
40,38,16
40,39,24
40,40,35
40,41,68
40,42,81
40,43,112
40,44,75
40,45,79
40,46,94
40,47,47
40,48,136
40,49,189
40,50,161
40,51,163
40,52,109
40,53,79
40,54,71
40,55,135
40,56,102
40,57,102
40,58,123
40,59,164
40,60,167
40,61,110
40,62,48
40,63,154
40,64,134
40,65,101
40,66,75
40,67,136
40,68,205
40,69,87
40,70,78
40,71,110
40,72,92
40,73,88
40,74,48
40,75,122
40,76,57
40,77,53
40,78,34
40,79,69
40,80,92
40,81,66
40,82,108
40,83,62
40,84,107
40,85,71
40,86,88
40,87,67
40,88,67
40,89,95
40,90,69
40,91,72
40,92,113
40,93,91
40,94,77
40,95,72
40,96,91
40,97,65
40,98,59
40,99,63
40,100,77
40,101,97
40,102,102
40,103,107
40,104,116
40,105,60
40,106,148
40,107,132
40,108,113
40,109,132
40,110,72
40,111,138
40,112,83
40,113,104
40,114,92
40,115,97
40,116,84
40,117,78
40,118,104
40,119,102
40,120,112
40,121,151
40,122,96
40,123,79
40,124,91
40,125,69
40,126,108
40,127,118
40,128,113
40,129,266
40,130,96
40,131,124
40,132,116
40,133,113
40,134,84
40,135,105
40,136,110
40,137,95
40,138,60
40,139,83
40,140,92
40,141,86
40,142,99
40,143,76
40,144,79
40,145,92
40,146,80
40,147,61
40,148,84
40,149,104
40,150,71
40,151,104
40,152,90
40,153,104
40,154,75
40,155,91
40,156,93
40,157,101
40,158,87
40,159,84
40,160,90
40,161,81
40,162,83
40,163,67
40,164,65
40,165,85
40,166,62
40,167,89
40,168,98
40,169,76
40,170,82
40,171,102
40,172,71
40,173,104
40,174,84
40,175,77
40,176,80
40,177,106
40,178,102
40,179,75
40,180,101
40,181,92
40,182,66
40,183,78
40,184,166
40,185,216
40,186,203
40,187,171
40,188,207
40,189,90
40,190,87
40,191,67
40,192,60
40,193,67
40,194,71
40,195,102
40,196,81
40,197,55
41,5,2
41,6,3
41,7,5
41,8,9
41,9,1
41,10,9
41,11,4
41,12,4
41,13,2
41,14,0
41,15,3
41,16,3
41,17,2
41,18,10
41,19,5
41,20,1
41,21,3
41,22,4
41,23,2
41,24,13
41,25,1
41,26,3
41,27,5
41,28,2
41,29,3
41,30,3
41,31,4
41,32,0
41,33,0
41,34,0
41,35,0
41,36,0
41,37,0
41,38,4
41,39,23
41,40,7
41,41,1
41,42,5
41,43,5
41,44,3
41,45,7
41,46,2
41,47,2
41,48,4
41,49,2
41,50,2
41,51,6
41,52,1
41,53,15
41,54,3
41,55,1
41,56,17
41,57,4
41,58,2
41,59,2
41,60,1
41,61,5
41,62,0
41,63,2
41,64,3
41,65,2
41,66,1
41,67,3
41,68,2
41,69,1
41,70,11
41,71,2
41,72,1
41,73,2
41,74,1
41,75,2
41,76,5
41,77,3
41,78,3
41,79,1
41,80,2
41,81,1
41,82,2
41,83,2
41,84,2
41,85,1
41,86,1
41,87,0
41,88,6
41,89,7
41,90,1
41,91,6
41,92,8
41,93,2
41,94,1
41,95,1
41,96,5
41,97,1
41,98,3
41,99,6
41,100,1
41,101,3
41,102,2
41,103,4
41,104,2
41,105,1
41,106,1
41,107,3
41,108,4
41,109,4
41,110,3
41,111,3
41,112,2
41,113,2
41,114,3
41,115,3
41,116,2
41,117,8
41,118,1
41,119,3
41,120,0
41,121,0
41,122,2
41,123,3
41,124,3
41,125,3
41,126,1
41,127,3
41,128,8
41,129,5
41,130,1
41,131,6
41,132,2
41,133,2
41,134,7
41,135,4
41,136,2
41,137,8
41,138,6
41,139,3
41,140,4
41,141,3
41,142,10
41,143,15
41,144,3
41,145,3
41,146,5
41,147,3
41,148,3
41,149,3
41,150,6
41,151,1
41,152,6
41,153,4
41,154,3
41,155,5
41,156,4
41,157,4
41,158,2
41,159,6
41,160,3
41,161,5
41,162,2
41,163,2
41,164,3
41,165,4
41,166,7
41,167,3
41,168,5
41,169,2
41,170,4
41,171,6
41,172,4
41,173,4
41,174,2
41,175,3
41,176,2
41,177,3
41,178,5
41,179,4
41,180,7
41,181,5
41,182,4
41,183,2
41,184,3
41,185,5
41,186,6
41,187,5
41,188,3
41,189,4
41,190,5
41,191,3
41,192,4
41,193,6
41,194,12
41,195,5
41,196,5
41,197,3
42,5,17
42,6,13
42,7,18
42,8,25
42,9,21
42,10,20
42,11,17
42,12,13
42,13,11
42,14,18
42,15,11
42,16,12
42,17,13
42,18,12
42,19,15
42,20,16
42,21,14
42,22,9
42,23,14
42,24,11
42,25,12
42,26,12
42,27,10
42,28,14
42,29,13
42,30,15
42,31,14
42,32,11
42,33,18
42,34,16
42,35,13
42,36,11
42,37,12
42,38,14
42,39,12
42,40,8
42,41,21
42,42,14
42,43,14
42,44,16
42,45,16
42,46,16
42,47,15
42,48,10
42,49,11
42,50,13
42,51,13
42,52,14
42,53,14
42,54,13
42,55,13
42,56,15
42,57,13
42,58,34
42,59,28
42,60,0
42,61,14
42,62,14
42,63,22
42,64,11
42,65,14
42,66,13
42,67,13
42,68,16
42,69,17
42,70,19
42,72,14
42,73,14
42,74,13
42,75,16
42,76,19
42,77,18
42,78,20
42,79,20
42,80,15
42,81,15
42,82,14
42,83,13
42,84,11
42,85,12
42,86,24
42,87,33
42,88,34
42,89,25
42,90,28
42,91,14
42,92,15
42,93,18
42,94,18
42,95,31
42,96,27
42,97,29
42,98,48
42,99,31
42,100,26
42,101,53
42,102,35
42,103,33
42,104,39
42,105,42
42,106,30
42,107,24
42,108,24
42,109,26
42,110,25
42,111,25
42,112,28
42,113,24
42,114,22
42,115,29
42,116,25
42,117,31
42,118,32
42,119,34
42,120,29
42,121,27
42,122,32
42,123,23
42,124,26
42,125,22
42,126,27
42,127,27
42,128,26
42,129,31
42,130,34
42,131,18
42,132,20
42,133,22
42,134,20
42,135,34
42,136,33
42,137,30
42,138,21
42,139,21
42,140,27
42,141,30
42,142,34
42,143,26
42,144,34
42,145,33
42,146,27
42,147,29
42,148,33
42,149,28
42,150,31
42,151,29
42,152,32
42,153,31
42,154,25
42,155,31
42,156,28
42,157,30
42,158,26
42,159,40
42,160,23
42,161,20
42,162,32
42,163,34
42,164,30
42,165,24
42,166,22
42,167,29
42,168,27
42,169,28
42,170,26
42,171,27
42,172,32
42,173,28
42,174,34
42,175,35
42,176,29
42,177,33
42,178,36
42,179,29
42,180,28
42,181,27
42,182,27
42,183,27
42,184,27
42,185,28
42,186,31
42,187,27
42,188,25
42,189,31
42,190,29
42,191,28
42,192,29
42,193,30
42,194,28
42,195,30
42,196,31
42,197,34
43,5,21
43,6,22
43,7,35
43,8,15
43,9,37
43,10,21
43,11,4
43,12,22
43,13,18
43,14,11
43,15,18
43,16,9
43,17,18
43,18,12
43,19,0
43,20,18
43,21,26
43,22,27
43,23,26
43,24,28
43,25,17
43,26,27
43,27,26
43,28,22
43,29,30
43,30,24
43,31,23
43,32,16
43,33,18
43,34,16
43,35,15
43,36,15
43,37,17
43,38,25
43,39,15
43,40,22
43,41,20
43,42,21
43,43,13
43,44,10
43,45,14
43,46,0
43,47,0
43,48,27
43,49,22
43,50,22
43,51,21
43,52,6
43,53,20
43,54,36
43,55,19
43,56,33
43,57,14
43,58,15
43,59,21
43,60,28
43,61,29
43,62,30
43,63,20
43,64,23
43,65,18
43,66,16
43,67,28
43,68,13
43,69,20
43,70,15
43,71,20
43,72,20
43,73,25
43,74,30
43,75,19
43,76,10
43,77,6
43,78,17
43,79,18
43,80,17
43,81,17
43,82,23
43,83,13
43,84,18
43,85,14
43,86,17
43,87,20
43,88,12
43,89,18
43,90,0
43,91,0
43,92,18
43,93,18
43,94,16
43,95,16
43,96,13
43,97,20
43,98,9
43,99,13
43,100,13
43,101,12
43,102,10
43,103,14
43,104,11
43,105,14
43,106,19
43,107,12
43,108,14
43,109,9
43,110,11
43,111,15
43,112,24
43,113,17
43,114,11
43,115,16
43,116,0
43,117,11
43,118,13
43,119,15
43,120,13
43,121,16
43,122,8
43,123,10
43,124,9
43,125,9
43,126,22
43,127,14
43,128,13
43,129,13
43,130,12
43,131,11
43,132,8
43,133,13
43,134,11
43,135,10
43,136,10
43,137,11
43,138,16
43,139,19
43,140,21
43,141,18
43,142,10
43,143,14
43,144,12
43,145,11
43,146,13
43,147,10
43,148,12
43,149,14
43,150,17
43,151,11
43,152,20
43,153,11
43,154,13
43,155,11
43,156,13
43,157,16
43,158,17
43,159,19
43,160,12
43,161,13
43,162,11
43,163,12
43,164,15
43,165,11
43,166,15
43,167,16
43,168,14
43,169,12
43,170,17
43,171,7
43,172,12
43,173,10
43,174,9
43,175,13
43,176,13
43,177,12
43,178,14
43,179,9
43,180,15
43,181,10
43,182,7
43,183,6
43,184,12
43,185,16
43,186,13
43,187,6
43,188,9
43,189,14
43,190,13
43,191,13
43,192,0
43,193,0
43,194,13
43,195,14
43,196,11
43,197,6
44,5,18
44,6,10
44,7,45
44,8,28
44,9,0
44,10,0
44,11,0
44,12,14
44,13,18
44,14,0
44,15,22
44,16,17
44,17,14
44,18,0
44,19,7
44,20,8
44,21,8
44,22,4
44,23,3
44,24,6
44,25,4
44,26,0
44,27,8
44,28,0
44,29,3
44,30,0
44,31,0
44,32,0
44,33,0
44,34,0
44,35,0
44,36,0
44,37,0
44,38,0
44,39,16
44,40,7
44,41,14
44,42,7
44,43,8
44,44,9
44,45,0
44,46,0
44,47,0
44,48,5
44,49,14
44,50,7
44,51,7
44,52,8
44,53,4
44,54,0
44,55,6
44,56,14
44,57,4
44,58,3
44,59,12
44,60,9
44,61,16
44,62,21
44,63,7
44,64,24
44,65,15
44,66,13
44,67,10
44,68,12
44,69,0
44,70,6
44,71,0
44,72,13
44,73,10
44,74,7
44,75,0
44,76,12
44,77,7
44,78,10
44,79,7
44,80,11
44,81,0
44,82,0
44,83,12
44,84,18
44,85,25
44,86,16
44,87,12
44,88,20
44,89,0
44,90,0
44,91,13
44,92,11
44,93,17
44,94,15
44,95,18
44,96,8
44,97,10
44,98,14
44,99,13
44,100,4
44,101,11
44,102,12
44,103,12
44,104,18
44,105,20
44,106,17
44,107,21
44,108,18
44,109,15
44,110,22
44,111,17
44,112,14
44,113,12
44,114,0
44,115,0
44,116,0
44,117,0
44,118,0
44,119,0
44,120,17
44,121,35
44,122,22
44,123,26
44,124,14
44,125,16
44,126,14
44,127,0
44,128,11
44,129,9
44,130,7
44,131,15
44,132,14
44,133,8
44,134,6
44,135,8
44,136,4
44,137,11
44,138,4
44,139,9
44,140,13
44,141,5
44,142,5
44,143,6
44,144,3
44,145,7
44,146,4
44,147,4
44,148,7
44,149,11
44,150,10
44,151,7
44,152,4
44,153,5
44,154,5
44,155,9
44,156,13
44,157,16
44,158,7
44,159,9
44,160,16
44,161,14
44,162,11
44,163,4
44,164,11
44,165,9
44,166,12
44,167,6
44,168,11
44,169,13
44,170,8
44,171,8
44,172,13
44,173,10
44,174,6
44,175,10
44,176,10
44,177,8
44,178,11
44,179,7
44,180,0
44,181,11
44,182,4
44,183,9
44,184,10
44,185,11
44,186,10
44,187,11
44,188,7
44,189,11
44,190,4
44,191,4
44,192,9
44,193,15
44,194,13
44,195,17
44,197,0
45,5,6
45,6,9
45,7,10
45,8,11
45,9,12
45,10,11
45,11,11
45,12,13
45,13,8
45,14,13
45,15,14
45,16,15
45,17,21
45,18,9
45,19,7
45,20,8
45,21,4
45,22,15
45,23,4
45,24,7
45,25,9
45,26,11
45,27,9
45,28,8
45,29,11
45,30,6
45,31,11
45,32,14
45,33,8
45,34,7
45,35,14
45,36,17
45,37,13
45,38,2
45,39,5
45,40,10
45,41,0
45,42,6
45,43,8
45,44,6
45,45,8
45,46,6
45,47,9
45,48,15
45,49,15
45,50,11
45,51,9
45,52,5
45,53,8
45,54,16
45,55,12
45,56,16
45,57,11
45,58,10
45,59,9
45,60,7
45,61,8
45,62,10
45,63,7
45,64,9
45,65,9
45,66,6
45,67,8
45,68,0
45,69,10
45,70,7
45,71,13
45,72,8
45,73,10
45,74,10
45,75,7
45,76,8
45,77,7
45,78,8
45,79,8
45,80,11
45,81,8
45,82,7
45,83,10
45,84,12
45,85,8
45,86,10
45,87,10
45,88,12
45,89,10
45,90,9
45,91,12
45,92,11
45,93,7
45,94,13
45,95,13
45,96,10
45,97,8
45,98,12
45,99,13
45,100,7
45,101,7
45,102,9
45,103,7
45,104,7
45,105,9
45,106,11
45,107,8
45,108,10
45,109,14
45,110,9
45,111,12
45,112,6
45,113,8
45,114,5
45,115,0
45,116,8
45,117,8
45,118,10
45,119,10
45,120,8
45,121,12
45,122,10
45,123,7
45,124,10
45,125,8
45,126,9
45,127,9
45,128,8
45,129,11
45,130,8
45,131,12
45,132,6
45,133,8
45,134,9
45,135,12
45,136,7
45,137,6
45,138,9
45,139,6
45,140,13
45,141,8
45,142,10
45,143,7
45,144,8
45,145,8
45,146,8
45,147,9
45,148,12
45,149,11
45,150,11
45,151,9
45,152,8
45,153,8
45,154,10
45,155,8
45,156,7
45,157,3
45,158,7
45,159,11
45,160,9
45,161,10
45,162,8
45,163,10
45,164,10
45,165,11
45,166,6
45,167,10
45,168,8
45,169,9
45,170,9
45,171,8
45,172,10
45,173,11
45,174,8
45,175,13
45,176,10
45,177,8
45,178,9
45,179,10
45,180,9
45,181,15
45,182,10
45,183,0
45,184,6
45,185,12
45,186,14
45,187,8
45,188,10
45,189,19
45,190,14
45,191,7
45,192,9
45,193,11
45,194,11
45,195,16
45,196,5
45,197,12
46,5,22
46,6,3
46,7,6
46,8,7
46,9,4
46,10,9
46,11,2
46,12,10
46,13,3
46,14,4
46,15,2
46,16,28
46,17,23
46,18,3
46,19,13
46,20,4
46,21,4
46,22,4
46,23,2
46,24,4
46,25,18
46,26,3
46,27,3
46,28,4
46,29,12
46,30,5
46,31,6
46,32,7
46,33,4
46,34,2
46,35,12
46,36,0
46,37,0
46,38,0
46,39,0
46,40,2
46,41,3
46,42,3
46,43,2
46,44,0
46,45,0
46,46,3
46,47,2
46,48,4
46,49,2
46,50,4
46,51,6
46,52,3
46,53,3
46,54,7
46,55,3
46,56,6
46,57,6
46,58,6
46,59,7
46,60,5
46,61,7
46,62,6
46,63,6
46,64,3
46,65,5
46,66,5
46,67,9
46,68,5
46,69,4
46,70,2
46,71,4
46,73,8
46,74,3
46,75,5
46,76,2
46,77,2
46,78,2
46,79,2
46,80,2
46,81,4
46,82,4
46,83,4
46,84,3
46,85,7
46,86,6
46,87,7
46,88,5
46,89,2
46,90,2
46,91,2
46,92,4
46,93,4
46,94,4
46,95,7
46,96,3
46,97,3
46,98,5
46,99,4
46,100,3
46,101,2
46,102,2
46,103,3
46,104,2
46,105,2
46,106,2
46,107,2
46,108,3
46,109,2
46,110,2
46,111,2
46,112,4
46,113,2
46,114,0
46,115,0
46,116,0
46,117,0
46,118,0
46,119,0
46,120,0
46,122,4
46,123,0
46,124,0
46,125,2
46,126,2
46,127,3
46,128,3
46,129,6
46,130,2
46,131,4
46,132,3
46,133,3
46,134,2
46,135,0
46,136,2
46,137,5
46,138,5
46,139,5
46,140,2
46,141,2
46,142,4
46,143,4
46,144,7
46,145,3
46,146,4
46,147,5
46,148,5
46,149,5
46,150,3
46,151,3
46,152,4
46,153,6
46,154,4
46,155,4
46,156,5
46,157,5
46,158,2
46,159,4
46,160,4
46,161,5
46,162,2
46,163,1
46,164,2
46,165,2
46,166,4
46,167,4
46,168,6
46,169,6
46,170,5
46,171,0
46,172,4
46,173,6
46,174,6
46,175,4
46,176,6
46,177,6
46,178,6
46,179,4
46,180,4
46,181,4
46,182,0
46,183,0
46,184,0
46,185,0
46,186,0
46,187,0
46,188,4
46,189,4
46,190,3
46,191,3
46,192,3
46,193,2
46,194,4
46,195,2
46,196,5
46,197,4
47,12,0
47,13,32
47,14,28
47,15,36
47,16,37
47,17,33
47,18,16
47,19,22
47,20,25
47,21,15
47,22,19
47,23,27
47,24,26
47,25,15
47,26,23
47,27,25
47,28,14
47,29,16
47,30,14
47,31,13
47,32,26
47,33,15
47,34,12
47,35,18
47,36,7
47,37,13
47,38,4
47,39,7
47,40,13
47,41,12
47,42,19
47,43,20
47,44,10
47,45,9
47,46,12
47,47,19
47,48,25
47,49,24
47,50,21
47,51,18
47,52,6
47,53,17
47,54,22
47,55,38
47,56,11
47,57,12
47,58,28
47,59,0
47,60,7
47,61,27
47,62,14
47,63,23
47,64,11
47,65,10
47,66,15
47,67,14
47,68,13
47,69,24
47,70,13
47,71,17
47,72,28
47,73,15
47,74,23
47,75,26
47,76,23
47,77,13
47,78,24
47,79,17
47,80,19
47,81,24
47,82,14
47,83,15
47,84,27
47,85,12
47,86,10
47,87,7
47,88,12
47,89,0
47,90,0
47,91,7
47,92,11
47,93,9
47,94,15
47,95,11
47,96,11
47,97,16
47,98,2
47,99,10
47,100,8
47,101,14
47,102,16
47,103,14
47,104,25
47,105,9
47,106,0
47,107,9
47,108,14
47,109,20
47,110,13
47,111,16
47,112,18
47,113,15
47,114,33
47,115,0
47,116,10
47,117,10
47,118,9
47,119,10
47,120,12
47,121,18
47,122,19
47,123,22
47,124,14
47,125,14
47,126,16
47,127,13
47,128,9
47,129,11
47,130,16
47,131,8
47,132,13
47,133,15
47,134,14
47,135,21
47,136,17
47,137,5
47,138,13
47,139,4
47,140,5
47,141,8
47,142,10
47,143,15
47,144,4
47,145,8
47,146,13
47,147,25
47,148,24
47,149,19
47,150,28
47,151,8
47,152,13
47,153,11
47,154,21
47,155,35
47,156,9
47,157,11
47,158,5
47,159,13
47,160,21
47,161,12
47,162,16
47,163,11
47,164,17
47,165,17
47,166,14
47,167,21
47,168,12
47,169,27
47,170,15
47,171,8
47,172,11
47,173,13
47,174,9
47,175,22
47,176,0
47,177,1
47,178,15
47,179,11
47,180,11
47,181,11
47,182,22
47,183,6
47,184,10
47,185,12
47,186,10
47,187,16
47,188,13
47,189,18
47,190,9
47,191,7
47,192,3
47,193,7
47,194,12
47,195,9
47,196,6
47,197,11
48,12,5
48,13,39
48,14,46
48,15,10
48,16,17
48,17,0
48,18,0
48,19,0
48,20,0
48,21,0
48,22,20
48,23,8
48,24,17
48,25,8
48,26,15
48,27,2
48,28,0
48,29,9
48,30,13
48,31,0
48,32,2
48,33,4
48,34,11
48,35,4
48,36,10
48,37,0
48,38,11
48,39,3
48,40,0
48,41,0
48,42,0
48,43,0
48,44,0
48,45,0
48,46,0
48,47,0
48,48,6
48,49,18
48,50,12
48,51,16
48,52,30
48,53,27
48,54,10
48,55,22
48,56,43
48,57,19
48,58,16
48,59,40
48,60,0
48,61,0
48,62,0
48,63,0
48,64,0
48,65,0
48,66,0
48,67,0
48,68,0
48,69,0
48,70,0
48,71,0
48,72,0
48,73,0
48,74,0
48,75,0
48,76,0
48,77,0
48,78,0
48,79,0
48,80,0
48,81,0
48,82,0
48,83,0
48,84,0
48,85,0
48,86,0
48,87,0
48,88,0
48,89,0
48,90,0
48,91,5
48,92,9
48,93,11
48,94,11
48,95,12
48,96,16
48,97,17
48,98,19
48,99,13
48,100,15
48,101,11
48,102,7
48,103,36
48,104,16
48,105,16
48,106,11
48,107,12
48,108,22
48,109,30
48,110,24
48,111,23
48,112,46
48,113,20
48,114,38
48,115,22
48,116,32
48,117,16
48,118,17
48,119,21
48,120,23
48,121,23
48,122,13
48,123,21
48,124,22
48,125,13
48,126,18
48,127,14
48,128,24
48,129,39
48,130,24
48,131,30
48,132,19
48,133,16
48,134,27
48,135,18
48,136,16
48,137,8
48,138,20
48,139,20
48,140,15
48,141,27
48,142,27
48,143,19
48,144,0
48,145,0
48,146,0
48,147,0
48,148,14
48,149,17
48,150,15
48,151,15
48,152,20
48,153,13
48,154,12
48,155,13
48,156,23
48,157,12
48,158,18
48,159,14
48,160,16
48,161,14
48,162,22
48,163,12
48,164,23
48,165,15
48,166,8
48,167,11
48,168,22
48,169,6
48,170,12
48,171,18
48,172,20
48,173,16
48,174,0
48,175,0
48,176,0
48,177,16
48,178,19
48,179,38
48,180,10
48,181,40
48,182,18
48,183,13
48,184,17
48,185,12
48,186,18
48,187,19
48,188,17
48,189,37
48,190,21
48,191,26
48,192,29
48,193,22
48,194,20
48,195,34
48,196,34
48,197,16
49,13,17
49,14,34
49,15,45
49,16,51
49,17,57
49,18,43
49,19,0
49,20,0
49,21,0
49,22,62
49,23,42
49,24,54
49,25,42
49,26,43
49,27,25
49,28,37
49,29,60
49,30,32
49,31,40
49,32,33
49,33,35
49,34,51
49,35,29
49,36,46
49,37,50
49,38,55
49,39,57
49,40,40
49,41,21
49,42,32
49,43,22
49,44,36
49,45,26
49,46,28
49,47,31
49,48,37
49,49,41
49,50,28
49,51,20
49,52,26
49,53,18
49,54,24
49,55,21
49,56,26
49,57,36
49,58,34
49,59,26
49,60,28
49,61,26
49,62,26
49,63,29
49,64,37
49,65,15
49,66,34
49,67,32
49,68,25
49,69,27
49,70,22
49,71,24
49,72,14
49,73,12
49,74,16
49,75,17
49,76,17
49,77,25
49,78,22
49,79,22
49,80,27
49,81,23
49,82,20
49,83,5
49,84,0
49,85,0
49,86,0
49,87,0
49,88,0
49,89,0
49,90,0
49,91,0
49,92,0
49,93,0
49,94,0
49,95,0
49,96,14
49,97,20
49,98,17
49,99,11
49,100,13
49,101,18
49,102,12
49,103,7
49,104,10
49,105,12
49,106,0
49,107,0
49,108,0
49,109,0
49,110,0
49,111,0
49,112,0
49,113,0
49,114,0
49,115,0
49,116,0
49,117,0
49,118,0
49,119,6
49,120,12
49,121,13
49,122,10
49,123,10
49,124,0
49,125,0
49,126,0
49,127,0
49,128,0
49,129,0
49,130,0
49,131,0
49,132,11
49,133,10
49,134,11
49,135,12
49,136,4
49,137,0
49,138,9
49,139,0
49,140,10
49,141,18
49,142,18
49,143,25
49,144,22
49,145,22
49,146,18
49,147,17
49,148,27
49,149,21
49,150,22
49,151,23
49,152,16
49,153,26
49,154,16
49,155,20
49,156,33
49,157,20
49,158,28
49,159,20
49,160,16
49,161,15
49,162,17
49,163,17
49,164,17
49,165,19
49,166,15
49,167,30
49,168,18
49,169,21
49,170,24
49,171,22
49,172,10
49,173,21
49,174,16
49,175,0
49,176,0
49,177,0
49,178,0
49,179,0
49,180,0
49,181,0
49,182,0
49,183,0
49,184,0
49,185,0
49,186,0
49,187,0
49,188,0
49,189,0
49,190,0
49,191,0
49,192,0
49,193,0
49,194,14
49,195,13
49,196,18
49,197,21
50,62,7
50,63,10
50,64,8
50,65,6
50,66,20
50,67,33
50,68,2
50,69,17
50,70,2
50,71,12
50,72,14
50,73,0
50,74,1
50,75,5
50,76,0
50,77,3
50,78,5
50,79,2
50,80,8
50,81,0
50,82,0
50,83,0
50,84,0
50,85,0
50,86,0
50,87,0
50,88,0
50,89,0
50,90,0
50,91,0
50,92,12
50,93,11
50,94,12
50,95,6
50,96,13
50,97,12
50,98,6
50,99,19
50,100,16
50,101,7
50,102,6
50,103,15
50,104,27
50,105,10
50,106,10
50,107,8
50,108,11
50,109,15
50,110,7
50,111,7
50,112,9
50,113,10
50,114,10
50,115,21
50,116,17
50,117,15
50,118,17
50,119,17
50,120,7
50,121,6
50,122,6
50,123,11
50,124,8
50,125,3
50,126,5
50,127,6
50,128,5
50,129,10
50,130,14
50,131,8
50,132,4
50,133,12
50,134,11
50,135,7
50,136,19
50,137,8
50,138,9
50,139,13
50,140,10
50,141,8
50,142,4
50,143,4
50,144,6
50,145,13
50,146,0
50,147,6
50,148,11
50,149,16
50,150,16
50,151,14
50,152,18
50,153,12
50,154,14
50,155,17
50,156,16
50,157,16
50,158,22
50,159,14
50,160,12
50,161,6
50,162,16
50,163,8
50,164,10
50,165,9
50,166,14
50,167,9
50,168,13
50,169,6
50,170,12
50,171,13
50,172,13
50,173,11
50,174,6
50,175,16
50,176,10
50,177,18
50,178,8
50,179,0
50,180,0
50,181,0
50,182,25
50,183,0
50,184,0
50,185,0
50,186,0
50,187,0
50,188,6
50,189,7
50,190,12
50,191,8
50,192,12
50,193,5
50,194,8
50,195,4
50,196,5
50,197,5
